<beans xmlns="http://www.springframework.org/schema/beans"
       xmlns:xsi="http://www.w3.org/2001/XMLSchema-instance"
       xmlns:context="http://www.springframework.org/schema/context"
       xmlns:mvc="http://www.springframework.org/schema/mvc"
       xsi:schemaLocation="http://www.springframework.org/schema/beans
        http://www.springframework.org/schema/beans/spring-beans.xsd
        http://www.springframework.org/schema/context
        http://www.springframework.org/schema/context/spring-context.xsd
        http://www.springframework.org/schema/mvc
        http://www.springframework.org/schema/mvc/spring-mvc-3.2.xsd">

    <context:component-scan base-package="cloudinary"/>

    <bean class="org.springframework.web.servlet.view.InternalResourceViewResolver">
        <property name="prefix" value="/WEB-INF/pages/"/>
        <property name="suffix" value=".jsp"/>
    </bean>
    
    <bean id="multipartResolver" class="org.gmr.web.multipart.GMultipartResolver">
        <property name="maxUploadSize" value="1048576" />
    </bean>

    <bean id="messageSource"
          class="org.springframework.context.support.ReloadableResourceBundleMessageSource">
        <property name="basename" value="/WEB-INF/messages"/>
    </bean>

    <mvc:annotation-driven />

    <mvc:default-servlet-handler/>

    <mvc:resources mapping="/javascripts/*.js" location="/assets/javascripts/" />
    <mvc:resources mapping="/javascripts/cloudinary/*.js" location="/assets/javascripts/cloudinary/" />
    <mvc:resources mapping="/stylesheets/*.css" location="/assets/stylesheets/" />
    <mvc:resources mapping="/cloudinary_cors.html" location="/assets/" />
</beans>