name,value,year,lastValue,rank
Converse,3020339.00,2009,3020339,1
Topper,2641317.00,2009,2641317,2
Miss Carol,2616702.25,2009,2616702,25,3
Reebok,2509095.00,2009,2509095,4
Havaianas,2461699.00,2009,2461699,5
Lombardino,2065935.00,2009,2065935,6
PUSH,1971668.76,2009,1971668,76,7
Camarao,1796729.36,2009,1796729,36,8
Puma,1527852.00,2009,1527852,9
Freeway ,1518093.00,2009,1518093,10
A.Giannini,1461455.00,2009,1461455,11
Rider,1348212.00,2009,1348212,12
Euro Jack,1161433.10,2009,1161433,1,13
New Balance,1139924.00,2009,1139924,14
Adidas,978410.00,2009,978410,15
Azaleia,746842.00,2009,746842,16
Branch,612916.08,2009,612916,08,17
Mormaii,606599.00,2009,606599,18
Sumilon,492375.20,2009,492375,2,19
Umbro,455515.00,2009,455515,20
Croco Kids,437817.25,2009,437817,25,21
Varios_Saldos,433037.00,2009,433037,22
Olympikus                 ,372466.00,2009,372466,23
Cuerart                  ,323120.00,2009,323120,24
Reef,307810.00,2009,307810,25
Hello Kitty,282470.00,2009,282470,26
{Sin Definir},217029.90,2009,217029,9,27
Falatino,216546.00,2009,216546,28
Bibi,174920.00,2009,174920,29
North Sails N+,174909.00,2009,174909,30
Crocs,172366.00,2009,172366,31
Wassington   ,112289.00,2009,112289,32
Goshik,108330.00,2009,108330,33
Vanzetti,108068.00,2009,108068,34
Lady Confort,78000.00,2009,78000,35
Mc Jason,70301.00,2009,70301,36
Spiderman,65997.00,2009,65997,37
Aquarella,64719.00,2009,64719,38
Hot Wheels,62890.00,2009,62890,39
Bioconfort,62110.00,2009,62110,40
Grendha,49775.00,2009,49775,41
Bottero,46814.00,2009,46814,42
Cartago,46500.00,2009,46500,43
Pigalle ,39910.00,2009,39910,44
FF,35730.00,2009,35730,45
Grendene,32981.00,2009,32981,46
Ginga,32427.00,2009,32427,47
Via Uno,31857.00,2009,31857,48
SANJERIY,30690.00,2009,30690,49
Disponible,25825.00,2009,25825,50
Legitimo,24500.00,2009,24500,51
Democrata,7450.00,2009,7450,52
Natalia K,6788.00,2009,6788,53
Euro Teens,6101.00,2009,6101,54
Asics,5800.00,2009,5800,55
MINI Miss Carol,3493.00,2009,3493,56
Pierre Cardin/Dali/Murakami,2500.00,2009,2500,57
Angra,1980.00,2009,1980,58
Kadú,1700.00,2009,1700,59
Sonho De Crianca,1400.00,2009,1400,60
Ador,897.00,2009,897,61
Siboney,800.00,2009,800,62
G&F,600.00,2009,600,63
Luocheng,450.00,2009,450,64
Mac Boot,0.00,2009,0,65
Country,0.00,2009,0,66
Barbie,-100.00,2009,-100,67
ZAXY,-790.00,2009,-790,68
Miss Carol,3283661.16,2010,3283661,16,1
Havaianas,2859939.00,2010,2859939,2
Topper,2757451.00,2010,2757451,3
Reebok,2622576.00,2010,2622576,4
Puma,2321936.00,2010,2321936,5
PUSH,2147608.68,2010,2147608,68,6
Rider,2024245.00,2010,2024245,7
Lombardino,1962597.00,2010,1962597,8
Freeway ,1895238.00,2010,1895238,9
A.Giannini,1868572.56,2010,1868572,56,10
Camarao,1660674.54,2010,1660674,54,11
Converse,1620698.00,2010,1620698,12
Azaleia,1391074.00,2010,1391074,13
New Balance,975158.00,2010,975158,14
Adidas,962840.00,2010,962840,15
Euro Jack,748133.00,2010,748133,16
Lady Confort,713777.00,2010,713777,17
Branch,681488.36,2010,681488,36,18
Sumilon,654890.72,2010,654890,72,19
Croco Kids,583701.10,2010,583701,1,20
Mormaii,551088.00,2010,551088,21
Pigalle ,491954.00,2010,491954,22
Olympikus                 ,482283.00,2010,482283,23
Gallarate,391650.00,2010,391650,24
North Sails N+,338458.28,2010,338458,28,25
Wassington   ,288091.00,2010,288091,26
Umbro,285188.00,2010,285188,27
Hello Kitty,267354.00,2010,267354,28
Goshik,209620.00,2010,209620,29
Cuerart                  ,206179.00,2010,206179,30
Bibi,198582.00,2010,198582,31
Mistral,171140.00,2010,171140,32
Spiderman,154310.00,2010,154310,33
Reef,113824.00,2010,113824,34
Tiernitas,110506.00,2010,110506,35
Varios_Saldos,103722.00,2010,103722,36
Vanzetti,94805.00,2010,94805,37
Grendha,76941.00,2010,76941,38
Ginga,76447.00,2010,76447,39
Mc Jason,75090.00,2010,75090,40
{Sin Definir},71993.88,2010,71993,88,41
Falatino,70516.00,2010,70516,42
Crocs,64534.00,2010,64534,43
Blanditos,37000.00,2010,37000,44
FF,29900.00,2010,29900,45
Hot Wheels,27410.00,2010,27410,46
ZAXY,23250.00,2010,23250,47
Bottero,15479.00,2010,15479,48
Legitimo,11920.00,2010,11920,49
Disponible,11100.00,2010,11100,50
Grendene,5690.00,2010,5690,51
SANJERIY,4395.00,2010,4395,52
Via Uno,4069.00,2010,4069,53
Natalia K,3400.00,2010,3400,54
Cartago,2900.00,2010,2900,55
Kadú,1550.00,2010,1550,56
Euro Teens,1301.00,2010,1301,57
MINI Miss Carol,1100.00,2010,1100,58
Indian Red,1100.00,2010,1100,59
Asics,997.00,2010,997,60
Aquarella,995.00,2010,995,61
Sonho De Crianca,800.00,2010,800,62
Bioconfort,699.00,2010,699,63
FILA,650.00,2010,650,64
Annisa Group.,598.00,2010,598,65
Luocheng,300.00,2010,300,66
Siboney,200.00,2010,200,67
G&F,200.00,2010,200,68
Barbie,200.00,2010,200,69
Topper,3853772.00,2011,3853772,1
Reebok,3818313.00,2011,3818313,2
Miss Carol,3584844.26,2011,3584844,26,3
Puma,3103627.00,2011,3103627,4
Havaianas,2969133.00,2011,2969133,5
Freeway ,2886942.00,2011,2886942,6
PUSH,2833196.58,2011,2833196,58,7
A.Giannini,2241565.28,2011,2241565,28,8
Rider,2211375.00,2011,2211375,9
Adidas,2178220.00,2011,2178220,10
Lombardino,1892530.00,2011,1892530,11
Converse,1553182.00,2011,1553182,12
Camarao,1456445.18,2011,1456445,18,13
North Sails N+,1285064.50,2011,1285064,5,14
Croco Kids,1146506.20,2011,1146506,2,15
New Balance,1121798.00,2011,1121798,16
Azaleia,912143.00,2011,912143,17
Olympikus                 ,881357.00,2011,881357,18
Ipanema,799489.00,2011,799489,19
Lady Confort,782783.00,2011,782783,20
Bottero,774040.00,2011,774040,21
Hello Kitty,554987.00,2011,554987,22
Pigalle ,501350.00,2011,501350,23
Umbro,493701.00,2011,493701,24
Sumilon,448502.00,2011,448502,25
Gallarate,434600.00,2011,434600,26
Wassington   ,336577.00,2011,336577,27
Millenium,298734.00,2011,298734,28
Spiderman,288001.00,2011,288001,29
Branch,278339.48,2011,278339,48,30
Bibi,271167.00,2011,271167,31
Goshik,267700.00,2011,267700,32
Mormaii,253565.00,2011,253565,33
Cuerart                  ,227891.00,2011,227891,34
Mistral,190820.00,2011,190820,35
Via Uno,175970.00,2011,175970,36
Angra,73353.00,2011,73353,37
FF,70560.00,2011,70560,38
Vanzetti,53876.00,2011,53876,39
Euro Jack,45850.00,2011,45850,40
Tiernitas,31770.00,2011,31770,41
Reef,26050.00,2011,26050,42
Grendha,25069.00,2011,25069,43
MINI Miss Carol,17181.00,2011,17181,44
Falatino,15080.00,2011,15080,45
Blanditos,14527.00,2011,14527,46
Ginga,13715.00,2011,13715,47
Varios_Saldos,8189.00,2011,8189,48
ZAXY,8150.00,2011,8150,49
Disponible,7200.00,2011,7200,50
Crocs,6988.00,2011,6988,51
Legitimo,6500.00,2011,6500,52
Hot Wheels,4850.00,2011,4850,53
Mc Jason,3098.00,2011,3098,54
Country Jack,2997.00,2011,2997,55
Bioconfort,1900.00,2011,1900,56
Country,1500.00,2011,1500,57
SANJERIY,800.00,2011,800,58
Democrata,600.00,2011,600,59
Grendene,600.00,2011,600,60
Asics,499.00,2011,499,61
Venus,490.00,2011,490,62
Ador,299.00,2011,299,63
Annisa Group.,299.00,2011,299,64
Natalia K,200.00,2011,200,65
Cartago,100.00,2011,100,66
Kadú,0.00,2011,0,67
{Sin Definir},-78323.44,2011,-78323,44,68
Miss Carol,5255162.02,2012,5255162,02,1
Puma,4125734.00,2012,4125734,2
Havaianas,3930788.00,2012,3930788,3
Topper,3813445.00,2012,3813445,4
Freeway ,3220522.00,2012,3220522,5
Reebok,2904205.00,2012,2904205,6
Adidas,2800890.00,2012,2800890,7
PUSH,2584724.94,2012,2584724,94,8
Rider,2154775.00,2012,2154775,9
Lombardino,1753300.00,2012,1753300,10
Converse,1688000.00,2012,1688000,11
A.Giannini,1622092.98,2012,1622092,98,12
North Sails N+,1567896.86,2012,1567896,86,13
Croco Kids,1301874.34,2012,1301874,34,14
Camarao,1135524.00,2012,1135524,15
Ipanema,822716.00,2012,822716,16
New Balance,809000.00,2012,809000,17
Olympikus                 ,697646.00,2012,697646,18
Lady Confort,620717.00,2012,620717,19
Azaleia,607279.00,2012,607279,20
Gallarate,554200.00,2012,554200,21
Umbro,500967.00,2012,500967,22
Bottero,447965.00,2012,447965,23
Wassington   ,410041.00,2012,410041,24
Mistral,369790.00,2012,369790,25
Spiderman,314443.00,2012,314443,26
Pigalle ,297330.00,2012,297330,27
Cuerart                  ,275361.00,2012,275361,28
Hello Kitty,264924.00,2012,264924,29
Bibi,251490.00,2012,251490,30
Merrell,241000.00,2012,241000,31
Hush Puppies,195750.00,2012,195750,32
Goshik,183570.00,2012,183570,33
Branch,157544.12,2012,157544,12,34
Grendha,124630.00,2012,124630,35
Disney,119350.00,2012,119350,36
Millenium,114327.00,2012,114327,37
Sumilon,110686.00,2012,110686,38
Cartago,86639.00,2012,86639,39
Dora,85923.00,2012,85923,40
Penalty,84710.00,2012,84710,41
Via Uno,74610.00,2012,74610,42
Frutillitas,68706.00,2012,68706,43
Vanzetti,37684.00,2012,37684,44
Mormaii,32843.00,2012,32843,45
{Sin Definir},30621.19,2012,30621,19,46
Varios_Saldos,28040.00,2012,28040,47
FF,17910.00,2012,17910,48
Angra,8982.00,2012,8982,49
Euro Jack,7050.00,2012,7050,50
Veloz,6395.00,2012,6395,51
Tiernitas,5088.00,2012,5088,52
MINI Miss Carol,4851.00,2012,4851,53
Ginga,4200.00,2012,4200,54
Legitimo,2800.00,2012,2800,55
Falatino,2500.00,2012,2500,56
Reef,1650.00,2012,1650,57
ZAXY,1490.00,2012,1490,58
Crocs,1200.00,2012,1200,59
Kadú,1150.00,2012,1150,60
Hot Wheels,900.00,2012,900,61
Blanditos,600.00,2012,600,62
Euro Teens,400.00,2012,400,63
Sonho De Crianca,200.00,2012,200,64
Leon,0.00,2012,0,65
Topper,4620166.00,2009.1,4620166,1
PUSH,4404496.66,2009.1,4404496,66,2
Converse,4229296.00,2009.1,4229296,3
Miss Carol,3496897.74,2009.1,3496897,74,4
Reebok,3133547.00,2009.1,3133547,5
Lombardino,2477238.00,2009.1,2477238,6
Puma,2401766.00,2009.1,2401766,7
Camarao,2217496.48,2009.1,2217496,48,8
New Balance,1560776.00,2009.1,1560776,9
Freeway ,1365669.00,2009.1,1365669,10
Sumilon,1303752.74,2009.1,1303752,74,11
A.Giannini,1178122.64,2009.1,1178122,64,12
Adidas,1168218.00,2009.1,1168218,13
Havaianas,969860.00,2009.1,969860,14
Branch,841534.40,2009.1,841534,4,15
Goshik,803834.00,2009.1,803834,16
Umbro,775166.00,2009.1,775166,17
Euro Jack,690545.00,2009.1,690545,18
Olympikus                 ,639375.00,2009.1,639375,19
Varios_Saldos,536948.00,2009.1,536948,20
Rider,527353.00,2009.1,527353,21
Vanzetti,489450.00,2009.1,489450,22
Cuerart                  ,414037.00,2009.1,414037,23
Azaleia,389982.00,2009.1,389982,24
Croco Kids,369862.24,2009.1,369862,24,25
Bibi,357847.00,2009.1,357847,26
North Sails N+,351726.20,2009.1,351726,2,27
Lady Confort,303850.00,2009.1,303850,28
Mormaii,292900.00,2009.1,292900,29
Reef,292335.00,2009.1,292335,30
{Sin Definir},261233.26,2009.1,261233,26,31
Falatino,249648.00,2009.1,249648,32
Wassington   ,196720.00,2009.1,196720,33
Mc Jason,101053.00,2009.1,101053,34
Crocs,100505.00,2009.1,100505,35
Bioconfort,100442.00,2009.1,100442,36
Aquarella,87989.00,2009.1,87989,37
Hello Kitty,68190.00,2009.1,68190,38
Bottero,63211.00,2009.1,63211,39
Via Uno,55898.00,2009.1,55898,40
Pigalle ,49240.00,2009.1,49240,41
Disponible,41580.00,2009.1,41580,42
Grendene,38206.00,2009.1,38206,43
Legitimo,38170.00,2009.1,38170,44
Annisa Group.,33590.00,2009.1,33590,45
FF,32890.00,2009.1,32890,46
SANJERIY,28575.00,2009.1,28575,47
Ginga,24811.00,2009.1,24811,48
Grendha,21150.00,2009.1,21150,49
Democrata,20860.00,2009.1,20860,50
Hot Wheels,20480.00,2009.1,20480,51
Spiderman,17446.00,2009.1,17446,52
Asics,13900.00,2009.1,13900,53
Pierre Cardin/Dali/Murakami,9600.00,2009.1,9600,54
Natalia K,8875.00,2009.1,8875,55
Euro Teens,8000.00,2009.1,8000,56
Cartago,6750.00,2009.1,6750,57
ZAXY,4860.00,2009.1,4860,58
Ador,4623.12,2009.1,4623,12,59
Country,4150.00,2009.1,4150,60
Tiernitas,2394.00,2009.1,2394,61
Kadú,2200.00,2009.1,2200,62
G&F,1800.00,2009.1,1800,63
MINI Miss Carol,1496.00,2009.1,1496,64
Sonho De Crianca,1000.00,2009.1,1000,65
Angra,990.00,2009.1,990,66
Luocheng,800.00,2009.1,800,67
Arye - Portter,600.00,2009.1,600,68
Mac Boot,500.00,2009.1,500,69
Rain Boot,399.00,2009.1,399,70
Miss Carol,900299.00,2009.10,900299,1
Havaianas,687813.00,2009.10,687813,2
Puma,585572.00,2009.10,585572,3
Reebok,538185.00,2009.10,538185,4
Rider,534271.00,2009.10,534271,5
Camarao,485765.00,2009.10,485765,6
Converse,471097.00,2009.10,471097,7
PUSH,465294.42,2009.10,465294,42,8
Topper,458126.00,2009.10,458126,9
A.Giannini,433812.00,2009.10,433812,10
Freeway ,431211.00,2009.10,431211,11
Lombardino,394180.00,2009.10,394180,12
Adidas,354060.00,2009.10,354060,13
Azaleia,322973.00,2009.10,322973,14
New Balance,234506.00,2009.10,234506,15
Lady Confort,186645.00,2009.10,186645,16
Euro Jack,175657.00,2009.10,175657,17
Branch,157956.00,2009.10,157956,18
Sumilon,145138.26,2009.10,145138,26,19
Mormaii,136640.00,2009.10,136640,20
Croco Kids,131299.60,2009.10,131299,6,21
Pigalle ,116740.00,2009.10,116740,22
Olympikus                 ,115570.00,2009.10,115570,23
Gallarate,107350.00,2009.10,107350,24
North Sails N+,105680.00,2009.10,105680,25
Hello Kitty,65189.00,2009.10,65189,26
Umbro,54624.00,2009.10,54624,27
Goshik,49910.00,2009.10,49910,28
Mistral,49750.00,2009.10,49750,29
Wassington   ,47979.00,2009.10,47979,30
Bibi,38383.00,2009.10,38383,31
Reef,35641.00,2009.10,35641,32
Cuerart                  ,29817.00,2009.10,29817,33
Spiderman,28972.00,2009.10,28972,34
Grendha,22410.00,2009.10,22410,35
Varios_Saldos,21700.00,2009.10,21700,36
Tiernitas,16758.00,2009.10,16758,37
Mc Jason,15178.00,2009.10,15178,38
Vanzetti,11408.00,2009.10,11408,39
Ginga,11063.00,2009.10,11063,40
Blanditos,10000.00,2009.10,10000,41
Crocs,9291.00,2009.10,9291,42
Falatino,7741.00,2009.10,7741,43
ZAXY,4570.00,2009.10,4570,44
Legitimo,4470.00,2009.10,4470,45
Bottero,3500.00,2009.10,3500,46
FF,2990.00,2009.10,2990,47
Bioconfort,2796.00,2009.10,2796,48
Disponible,2700.00,2009.10,2700,49
Via Uno,2280.00,2009.10,2280,50
Hot Wheels,1680.00,2009.10,1680,51
SANJERIY,1398.00,2009.10,1398,52
Euro Teens,600.00,2009.10,600,53
Luocheng,450.00,2009.10,450,54
Natalia K,400.00,2009.10,400,55
Aquarella,398.00,2009.10,398,56
Kadú,300.00,2009.10,300,57
Cartago,-50.00,2009.10,-50,58
{Sin Definir},-74004.28,2009.10,-74004,28,59
PUSH,4360356.02,2009.2,4360356,02,1
Miss Carol,4345039.36,2009.2,4345039,36,2
Topper,3955441.00,2009.2,3955441,3
Reebok,3140896.00,2009.2,3140896,4
Converse,3024284.00,2009.2,3024284,5
Puma,2660709.00,2009.2,2660709,6
Lombardino,2198211.00,2009.2,2198211,7
Camarao,2034913.48,2009.2,2034913,48,8
New Balance,1508605.00,2009.2,1508605,9
Sumilon,1475641.76,2009.2,1475641,76,10
Freeway ,1249894.00,2009.2,1249894,11
Lady Confort,1063100.00,2009.2,1063100,12
Adidas,864212.00,2009.2,864212,13
Umbro,815342.00,2009.2,815342,14
A.Giannini,726804.64,2009.2,726804,64,15
Olympikus                 ,597758.00,2009.2,597758,16
Vanzetti,585628.00,2009.2,585628,17
Branch,539918.00,2009.2,539918,18
Varios_Saldos,422990.00,2009.2,422990,19
Croco Kids,413486.40,2009.2,413486,4,20
North Sails N+,405001.80,2009.2,405001,8,21
Cuerart                  ,344565.00,2009.2,344565,22
Goshik,278270.00,2009.2,278270,23
Bibi,275048.00,2009.2,275048,24
Reef,239173.00,2009.2,239173,25
Bottero,225702.00,2009.2,225702,26
Wassington   ,208257.00,2009.2,208257,27
{Sin Definir},202657.82,2009.2,202657,82,28
Havaianas,187969.00,2009.2,187969,29
Falatino,187470.00,2009.2,187470,30
Bioconfort,161841.00,2009.2,161841,31
Azaleia,158681.00,2009.2,158681,32
Mc Jason,150576.42,2009.2,150576,42,33
Via Uno,112903.00,2009.2,112903,34
Rider,80630.00,2009.2,80630,35
Tiernitas,72219.00,2009.2,72219,36
Mormaii,59996.00,2009.2,59996,37
ZAXY,57180.00,2009.2,57180,38
FF,56820.00,2009.2,56820,39
Ador,54374.00,2009.2,54374,40
Euro Jack,52852.00,2009.2,52852,41
Pigalle ,43280.00,2009.2,43280,42
Crocs,29793.00,2009.2,29793,43
Legitimo,28360.00,2009.2,28360,44
Disponible,27200.00,2009.2,27200,45
Annisa Group.,26231.00,2009.2,26231,46
Grendene,19462.00,2009.2,19462,47
SANJERIY,17578.00,2009.2,17578,48
Aquarella,16701.00,2009.2,16701,49
Euro Teens,12900.00,2009.2,12900,50
Democrata,11920.00,2009.2,11920,51
Ginga,8953.00,2009.2,8953,52
Asics,7999.00,2009.2,7999,53
Pierre Cardin/Dali/Murakami,5400.00,2009.2,5400,54
Hello Kitty,3857.00,2009.2,3857,55
Angra,3000.00,2009.2,3000,56
Futbol,2500.00,2009.2,2500,57
Mac Boot,2400.00,2009.2,2400,58
Rain Boot,1995.00,2009.2,1995,59
Natalia K,1596.00,2009.2,1596,60
Country,1180.00,2009.2,1180,61
Grendha,1170.00,2009.2,1170,62
Trendy,1000.00,2009.2,1000,63
Retoric,600.00,2009.2,600,64
Luocheng,600.00,2009.2,600,65
Spiderman,598.00,2009.2,598,66
Chiquillos,499.00,2009.2,499,67
Arye - Portter,450.00,2009.2,450,68
G&F,300.00,2009.2,300,69
MINI Miss Carol,299.00,2009.2,299,70
Hot Wheels,290.00,2009.2,290,71
Cartago,250.00,2009.2,250,72
Miss Carol,5360727.50,2009.3,5360727,5,1
PUSH,4060019.48,2009.3,4060019,48,2
Topper,3965266.00,2009.3,3965266,3
Reebok,3927978.00,2009.3,3927978,4
Camarao,3752783.52,2009.3,3752783,52,5
Puma,2812599.00,2009.3,2812599,6
Converse,2542319.00,2009.3,2542319,7
Sumilon,2195627.74,2009.3,2195627,74,8
Lombardino,2161724.00,2009.3,2161724,9
Lady Confort,1561400.00,2009.3,1561400,10
New Balance,1533109.00,2009.3,1533109,11
A.Giannini,1496202.04,2009.3,1496202,04,12
Freeway ,1399884.00,2009.3,1399884,13
Bottero,1124133.00,2009.3,1124133,14
Umbro,965570.00,2009.3,965570,15
Olympikus                 ,846495.00,2009.3,846495,16
Vanzetti,833703.00,2009.3,833703,17
Croco Kids,672874.32,2009.3,672874,32,18
Branch,643697.00,2009.3,643697,19
Adidas,572960.00,2009.3,572960,20
Cuerart                  ,459950.00,2009.3,459950,21
North Sails N+,432936.94,2009.3,432936,94,22
Ador,420473.00,2009.3,420473,23
Bioconfort,334160.00,2009.3,334160,24
Wassington   ,303594.00,2009.3,303594,25
Goshik,273570.00,2009.3,273570,26
Bibi,233217.00,2009.3,233217,27
ZAXY,222710.00,2009.3,222710,28
Reef,191316.00,2009.3,191316,29
Varios_Saldos,190628.00,2009.3,190628,30
Falatino,184650.00,2009.3,184650,31
Mc Jason,137781.58,2009.3,137781,58,32
Tiernitas,126483.00,2009.3,126483,33
Azaleia,115033.00,2009.3,115033,34
Via Uno,83480.00,2009.3,83480,35
{Sin Definir},68352.67,2009.3,68352,67,36
Pigalle ,52570.00,2009.3,52570,37
Euro Jack,44468.00,2009.3,44468,38
FF,35880.00,2009.3,35880,39
Disponible,35000.00,2009.3,35000,40
Annisa Group.,22327.00,2009.3,22327,41
Legitimo,16500.00,2009.3,16500,42
Havaianas,16179.00,2009.3,16179,43
Democrata,10430.00,2009.3,10430,44
SANJERIY,9087.00,2009.3,9087,45
Pierre Cardin/Dali/Murakami,8100.00,2009.3,8100,46
Crocs,7076.00,2009.3,7076,47
Rider,6194.00,2009.3,6194,48
Aquarella,5828.00,2009.3,5828,49
Grendene,5808.00,2009.3,5808,50
Mormaii,5131.00,2009.3,5131,51
Asics,4500.00,2009.3,4500,52
Arye - Portter,3892.00,2009.3,3892,53
Ginga,2781.00,2009.3,2781,54
Rain Boot,2495.00,2009.3,2495,55
Euro Teens,1700.00,2009.3,1700,56
Retoric,1600.00,2009.3,1600,57
Futbol,1000.00,2009.3,1000,58
Mac Boot,800.00,2009.3,800,59
Hello Kitty,500.00,2009.3,500,60
Trendy,300.00,2009.3,300,61
Hot Wheels,290.00,2009.3,290,62
Chiquillos,250.00,2009.3,250,63
Country,200.00,2009.3,200,64
G&F,200.00,2009.3,200,65
Miss Carol,5375746.48,2009.4,5375746,48,1
Topper,4498799.00,2009.4,4498799,2
Camarao,3964231.94,2009.4,3964231,94,3
Reebok,3756109.00,2009.4,3756109,4
PUSH,3336574.42,2009.4,3336574,42,5
Puma,2908723.00,2009.4,2908723,6
Converse,2688488.00,2009.4,2688488,7
Lombardino,2680855.00,2009.4,2680855,8
New Balance,2235277.00,2009.4,2235277,9
Sumilon,1846684.76,2009.4,1846684,76,10
Freeway ,1739717.00,2009.4,1739717,11
Bottero,1274466.00,2009.4,1274466,12
Lady Confort,1133329.00,2009.4,1133329,13
A.Giannini,1052352.48,2009.4,1052352,48,14
Olympikus                 ,977735.00,2009.4,977735,15
Adidas,879020.00,2009.4,879020,16
Umbro,851259.00,2009.4,851259,17
Croco Kids,800708.40,2009.4,800708,4,18
Branch,799505.10,2009.4,799505,1,19
North Sails N+,537279.92,2009.4,537279,92,20
Vanzetti,535037.00,2009.4,535037,21
Wassington   ,491305.00,2009.4,491305,22
Ador,341760.00,2009.4,341760,23
Cuerart                  ,313013.00,2009.4,313013,24
Bioconfort,278282.00,2009.4,278282,25
{Sin Definir},246038.72,2009.4,246038,72,26
Mc Jason,242033.00,2009.4,242033,27
ZAXY,218730.00,2009.4,218730,28
Reef,217399.00,2009.4,217399,29
Goshik,193483.00,2009.4,193483,30
Bibi,184000.00,2009.4,184000,31
Falatino,179180.00,2009.4,179180,32
Azaleia,163850.00,2009.4,163850,33
Varios_Saldos,134849.00,2009.4,134849,34
Euro Jack,133086.00,2009.4,133086,35
Gallarate,95340.00,2009.4,95340,36
Tiernitas,78204.00,2009.4,78204,37
FF,50830.00,2009.4,50830,38
Disponible,48100.00,2009.4,48100,39
Via Uno,21170.00,2009.4,21170,40
Pigalle ,20430.00,2009.4,20430,41
Annisa Group.,16744.00,2009.4,16744,42
Legitimo,14050.00,2009.4,14050,43
Democrata,8450.00,2009.4,8450,44
Havaianas,5855.00,2009.4,5855,45
SANJERIY,5296.00,2009.4,5296,46
Pierre Cardin/Dali/Murakami,4000.00,2009.4,4000,47
Aquarella,3586.00,2009.4,3586,48
Futbol,3100.00,2009.4,3100,49
Crocs,3089.00,2009.4,3089,50
Asics,2500.00,2009.4,2500,51
Arye - Portter,2495.00,2009.4,2495,52
Rain Boot,1896.00,2009.4,1896,53
Grendene,1497.00,2009.4,1497,54
Rider,1045.00,2009.4,1045,55
Retoric,900.00,2009.4,900,56
Chiquillos,800.00,2009.4,800,57
Euro Teens,500.00,2009.4,500,58
Mormaii,498.00,2009.4,498,59
G&F,400.00,2009.4,400,60
Ginga,309.00,2009.4,309,61
Hot Wheels,0.00,2009.4,0,62
Disney,0.00,2009.4,0,63
Miss Carol,4934487.42,2009.5,4934487,42,1
Topper,4253295.00,2009.5,4253295,2
Camarao,3650990.36,2009.5,3650990,36,3
Reebok,3454429.00,2009.5,3454429,4
Lombardino,2864130.00,2009.5,2864130,5
PUSH,2829665.56,2009.5,2829665,56,6
Converse,2512716.00,2009.5,2512716,7
Puma,2397730.00,2009.5,2397730,8
New Balance,2349416.00,2009.5,2349416,9
Sumilon,1944098.12,2009.5,1944098,12,10
Freeway ,1405066.00,2009.5,1405066,11
Olympikus                 ,1113997.00,2009.5,1113997,12
Lady Confort,925756.00,2009.5,925756,13
A.Giannini,921951.22,2009.5,921951,22,14
Bottero,867208.00,2009.5,867208,15
Umbro,825175.00,2009.5,825175,16
Branch,805198.00,2009.5,805198,17
Adidas,627823.00,2009.5,627823,18
Vanzetti,564194.00,2009.5,564194,19
Croco Kids,508878.32,2009.5,508878,32,20
Wassington   ,451071.00,2009.5,451071,21
Gallarate,339700.00,2009.5,339700,22
North Sails N+,318374.24,2009.5,318374,24,23
ZAXY,304052.00,2009.5,304052,24
Ador,295511.00,2009.5,295511,25
Cuerart                  ,294137.00,2009.5,294137,26
Mc Jason,235575.00,2009.5,235575,27
{Sin Definir},233479.45,2009.5,233479,45,28
Varios_Saldos,172229.00,2009.5,172229,29
Reef,170545.00,2009.5,170545,30
Falatino,153940.00,2009.5,153940,31
Bioconfort,139784.00,2009.5,139784,32
Goshik,138980.00,2009.5,138980,33
Euro Jack,123530.00,2009.5,123530,34
Bibi,116057.00,2009.5,116057,35
Azaleia,105930.00,2009.5,105930,36
Tiernitas,51471.00,2009.5,51471,37
Disponible,49500.00,2009.5,49500,38
FF,38870.00,2009.5,38870,39
Legitimo,29800.00,2009.5,29800,40
Via Uno,18460.00,2009.5,18460,41
Pigalle ,13090.00,2009.5,13090,42
Democrata,8450.00,2009.5,8450,43
Havaianas,7490.00,2009.5,7490,44
Annisa Group.,6877.00,2009.5,6877,45
Arye - Portter,5139.00,2009.5,5139,46
Pierre Cardin/Dali/Murakami,3200.00,2009.5,3200,47
Aquarella,3188.00,2009.5,3188,48
Rider,3050.00,2009.5,3050,49
Asics,2000.00,2009.5,2000,50
Rain Boot,1798.00,2009.5,1798,51
Grendene,1689.00,2009.5,1689,52
Crocs,1595.00,2009.5,1595,53
Kimika,1199.00,2009.5,1199,54
Futbol,1100.00,2009.5,1100,55
Retoric,1000.00,2009.5,1000,56
Chiquillos,950.00,2009.5,950,57
Ginga,927.00,2009.5,927,58
Mormaii,747.00,2009.5,747,59
SANJERIY,699.00,2009.5,699,60
FILA,650.00,2009.5,650,61
Hot Wheels,230.00,2009.5,230,62
Disney,100.00,2009.5,100,63
Topper,4498462.00,2009.6,4498462,1
PUSH,3681054.14,2009.6,3681054,14,2
Reebok,3452099.00,2009.6,3452099,3
Converse,3032251.00,2009.6,3032251,4
Miss Carol,2947115.94,2009.6,2947115,94,5
Camarao,2663643.08,2009.6,2663643,08,6
Puma,2181372.00,2009.6,2181372,7
New Balance,2164211.00,2009.6,2164211,8
Lombardino,2153221.00,2009.6,2153221,9
Sumilon,1422016.94,2009.6,1422016,94,10
Adidas,1223037.00,2009.6,1223037,11
A.Giannini,1158298.04,2009.6,1158298,04,12
Freeway ,908810.00,2009.6,908810,13
Olympikus                 ,904139.00,2009.6,904139,14
Lady Confort,890978.00,2009.6,890978,15
Umbro,859272.00,2009.6,859272,16
Bottero,491762.00,2009.6,491762,17
Branch,418270.00,2009.6,418270,18
North Sails N+,408343.44,2009.6,408343,44,19
Vanzetti,406692.00,2009.6,406692,20
Cuerart                  ,334706.00,2009.6,334706,21
Bibi,330149.00,2009.6,330149,22
Azaleia,319480.00,2009.6,319480,23
Croco Kids,315085.92,2009.6,315085,92,24
Wassington   ,310410.00,2009.6,310410,25
Varios_Saldos,305069.00,2009.6,305069,26
Gallarate,277030.00,2009.6,277030,27
Mistral,268649.00,2009.6,268649,28
Goshik,194980.00,2009.6,194980,29
ZAXY,184340.00,2009.6,184340,30
{Sin Definir},174767.60,2009.6,174767,6,31
Reef,159236.00,2009.6,159236,32
Falatino,134060.00,2009.6,134060,33
Bioconfort,112137.00,2009.6,112137,34
Mc Jason,100127.00,2009.6,100127,35
Ador,82558.00,2009.6,82558,36
Pigalle ,64980.00,2009.6,64980,37
Euro Jack,43446.00,2009.6,43446,38
FF,41860.00,2009.6,41860,39
Tiernitas,38304.00,2009.6,38304,40
Disponible,36800.00,2009.6,36800,41
Havaianas,30949.00,2009.6,30949,42
Legitimo,29330.00,2009.6,29330,43
Via Uno,24400.00,2009.6,24400,44
Rider,21806.00,2009.6,21806,45
Aquarella,12658.00,2009.6,12658,46
Mormaii,11588.00,2009.6,11588,47
Annisa Group.,9867.00,2009.6,9867,48
Crocs,6476.00,2009.6,6476,49
SANJERIY,4893.00,2009.6,4893,50
Democrata,4470.00,2009.6,4470,51
Grendene,4184.00,2009.6,4184,52
Spiderman,3749.00,2009.6,3749,53
Ginga,3708.00,2009.6,3708,54
Hot Wheels,2940.00,2009.6,2940,55
Hello Kitty,2650.00,2009.6,2650,56
Pierre Cardin/Dali/Murakami,1600.00,2009.6,1600,57
Futbol,1400.00,2009.6,1400,58
Retoric,1000.00,2009.6,1000,59
Angra,1000.00,2009.6,1000,60
Rain Boot,798.00,2009.6,798,61
Arye - Portter,798.00,2009.6,798,62
Grendha,780.00,2009.6,780,63
Asics,499.00,2009.6,499,64
Sonho De Crianca,300.00,2009.6,300,65
Chiquillos,300.00,2009.6,300,66
Disney,200.00,2009.6,200,67
Kimika,100.00,2009.6,100,68
PUSH,5052261.60,2009.7,5052261,6,1
Topper,4316648.00,2009.7,4316648,2
Reebok,3371955.00,2009.7,3371955,3
Converse,2996782.00,2009.7,2996782,4
Miss Carol,2855253.14,2009.7,2855253,14,5
Camarao,2740207.90,2009.7,2740207,9,6
A.Giannini,2714843.36,2009.7,2714843,36,7
Puma,2687795.00,2009.7,2687795,8
Lombardino,2283012.00,2009.7,2283012,9
New Balance,2230309.00,2009.7,2230309,10
Sumilon,1644887.68,2009.7,1644887,68,11
Freeway ,1168411.00,2009.7,1168411,12
Adidas,1079879.00,2009.7,1079879,13
Umbro,799594.00,2009.7,799594,14
Lady Confort,789026.00,2009.7,789026,15
Olympikus                 ,768427.00,2009.7,768427,16
Croco Kids,592846.70,2009.7,592846,7,17
Azaleia,548943.00,2009.7,548943,18
Branch,394077.24,2009.7,394077,24,19
Mistral,381477.00,2009.7,381477,20
Pigalle ,379740.00,2009.7,379740,21
North Sails N+,332814.00,2009.7,332814,22
Vanzetti,322769.00,2009.7,322769,23
Gallarate,289300.00,2009.7,289300,24
Wassington   ,282900.00,2009.7,282900,25
Cuerart                  ,264195.00,2009.7,264195,26
Bottero,243936.00,2009.7,243936,27
Bibi,200864.00,2009.7,200864,28
Goshik,177980.00,2009.7,177980,29
Reef,159164.00,2009.7,159164,30
Havaianas,157549.00,2009.7,157549,31
Mc Jason,155153.44,2009.7,155153,44,32
Varios_Saldos,148880.00,2009.7,148880,33
{Sin Definir},126914.62,2009.7,126914,62,34
Falatino,110533.00,2009.7,110533,35
Rider,94523.00,2009.7,94523,36
ZAXY,92010.00,2009.7,92010,37
Euro Jack,60612.00,2009.7,60612,38
Bioconfort,37295.00,2009.7,37295,39
Mormaii,36922.00,2009.7,36922,40
Legitimo,34990.00,2009.7,34990,41
Via Uno,27410.00,2009.7,27410,42
FF,26910.00,2009.7,26910,43
Disponible,25300.00,2009.7,25300,44
Aquarella,19614.00,2009.7,19614,45
Crocs,17238.00,2009.7,17238,46
Tiernitas,11172.00,2009.7,11172,47
SANJERIY,10286.00,2009.7,10286,48
Spiderman,9981.00,2009.7,9981,49
Hello Kitty,9907.00,2009.7,9907,50
Blanditos,9200.00,2009.7,9200,51
Ador,9060.00,2009.7,9060,52
Grendene,9001.00,2009.7,9001,53
Ginga,8961.00,2009.7,8961,54
Democrata,5960.00,2009.7,5960,55
Hot Wheels,5780.00,2009.7,5780,56
Grendha,4920.00,2009.7,4920,57
Annisa Group.,1904.00,2009.7,1904,58
MINI Miss Carol,1197.00,2009.7,1197,59
Chiquillos,1050.00,2009.7,1050,60
Arye - Portter,798.00,2009.7,798,61
Natalia K,600.00,2009.7,600,62
Leon,600.00,2009.7,600,63
Futbol,500.00,2009.7,500,64
Rain Boot,399.00,2009.7,399,65
Euro Teens,300.00,2009.7,300,66
Luocheng,200.00,2009.7,200,67
Pierre Cardin/Dali/Murakami,100.00,2009.7,100,68
Miss Carol,4728175.88,2009.8,4728175,88,1
Topper,4526384.00,2009.8,4526384,2
PUSH,4457661.60,2009.8,4457661,6,3
Puma,4391787.00,2009.8,4391787,4
Reebok,4005361.00,2009.8,4005361,5
Camarao,3815834.34,2009.8,3815834,34,6
Lombardino,3100090.00,2009.8,3100090,7
Converse,2941782.00,2009.8,2941782,8
A.Giannini,2746535.32,2009.8,2746535,32,9
Sumilon,2096207.18,2009.8,2096207,18,10
New Balance,2073379.00,2009.8,2073379,11
Freeway ,1889889.00,2009.8,1889889,12
Adidas,1524732.00,2009.8,1524732,13
Azaleia,1437195.00,2009.8,1437195,14
{Sin Definir},1370022.11,2009.8,1370022,11,15
Havaianas,1194720.00,2009.8,1194720,16
Rider,903366.00,2009.8,903366,17
Olympikus                 ,895503.00,2009.8,895503,18
Pigalle ,851640.00,2009.8,851640,19
Lady Confort,826981.00,2009.8,826981,20
Croco Kids,816558.24,2009.8,816558,24,21
North Sails N+,788027.22,2009.8,788027,22,22
Umbro,664524.00,2009.8,664524,23
Branch,521652.96,2009.8,521652,96,24
Gallarate,498040.00,2009.8,498040,25
Mistral,417410.00,2009.8,417410,26
Euro Jack,289795.00,2009.8,289795,27
Wassington   ,262115.00,2009.8,262115,28
Grendha,250460.00,2009.8,250460,29
Bibi,239819.00,2009.8,239819,30
Goshik,233079.00,2009.8,233079,31
Mormaii,224615.00,2009.8,224615,32
Hello Kitty,219441.00,2009.8,219441,33
Cuerart                  ,198167.00,2009.8,198167,34
Varios_Saldos,196901.00,2009.8,196901,35
Mc Jason,192544.00,2009.8,192544,36
Vanzetti,180371.00,2009.8,180371,37
Falatino,174756.00,2009.8,174756,38
Spiderman,165065.00,2009.8,165065,39
Reef,155424.00,2009.8,155424,40
Bottero,104769.00,2009.8,104769,41
Tiernitas,75012.00,2009.8,75012,42
FF,53820.00,2009.8,53820,43
Legitimo,49190.00,2009.8,49190,44
Hot Wheels,38200.00,2009.8,38200,45
ZAXY,37460.00,2009.8,37460,46
Crocs,34385.00,2009.8,34385,47
Ginga,32465.00,2009.8,32465,48
Blanditos,30000.00,2009.8,30000,49
SANJERIY,23067.00,2009.8,23067,50
Disponible,19400.00,2009.8,19400,51
Bioconfort,17074.00,2009.8,17074,52
Grendene,15200.00,2009.8,15200,53
Via Uno,8630.00,2009.8,8630,54
Democrata,6560.00,2009.8,6560,55
Euro Teens,3400.00,2009.8,3400,56
Asics,3191.00,2009.8,3191,57
Aquarella,2886.00,2009.8,2886,58
Angra,1500.00,2009.8,1500,59
Natalia K,1200.00,2009.8,1200,60
Arye - Portter,1197.00,2009.8,1197,61
Country,1000.00,2009.8,1000,62
Annisa Group.,897.00,2009.8,897,63
Rain Boot,798.00,2009.8,798,64
Kimika,599.00,2009.8,599,65
Ador,497.00,2009.8,497,66
MINI Miss Carol,300.00,2009.8,300,67
Kadú,199.00,2009.8,199,68
Miss Carol,8096421.14,2009.9,8096421,14,1
Topper,4821113.00,2009.9,4821113,2
Puma,4817186.00,2009.9,4817186,3
Reebok,4728382.00,2009.9,4728382,4
PUSH,4663884.00,2009.9,4663884,5
Camarao,4312429.48,2009.9,4312429,48,6
A.Giannini,4102405.90,2009.9,4102405,9,7
Lombardino,3932451.00,2009.9,3932451,8
Havaianas,3868537.00,2009.9,3868537,9
Converse,3703071.00,2009.9,3703071,10
Freeway ,3353588.00,2009.9,3353588,11
Rider,3330769.00,2009.9,3330769,12
Sumilon,2315760.94,2009.9,2315760,94,13
Azaleia,2249817.00,2009.9,2249817,14
Adidas,2244320.00,2009.9,2244320,15
New Balance,2173315.00,2009.9,2173315,16
Croco Kids,1354151.64,2009.9,1354151,64,17
Lady Confort,1226235.00,2009.9,1226235,18
Branch,1219234.88,2009.9,1219234,88,19
Pigalle ,1205716.00,2009.9,1205716,20
Euro Jack,1022595.00,2009.9,1022595,21
Olympikus                 ,1010384.00,2009.9,1010384,22
North Sails N+,973682.36,2009.9,973682,36,23
Mormaii,838600.00,2009.9,838600,24
Goshik,629060.00,2009.9,629060,25
Grendha,617803.00,2009.9,617803,26
Gallarate,559660.00,2009.9,559660,27
Umbro,548617.00,2009.9,548617,28
Mistral,506460.00,2009.9,506460,29
Hello Kitty,468035.00,2009.9,468035,30
Wassington   ,449021.00,2009.9,449021,31
Bibi,405956.00,2009.9,405956,32
Cuerart                  ,351069.00,2009.9,351069,33
Spiderman,233910.00,2009.9,233910,34
Varios_Saldos,220069.00,2009.9,220069,35
Reef,195975.00,2009.9,195975,36
Vanzetti,159665.00,2009.9,159665,37
Tiernitas,158912.00,2009.9,158912,38
Mc Jason,137812.96,2009.9,137812,96,39
Falatino,137322.00,2009.9,137322,40
Crocs,94597.00,2009.9,94597,41
Ginga,88595.00,2009.9,88595,42
Blanditos,70800.00,2009.9,70800,43
ZAXY,66780.00,2009.9,66780,44
Bottero,52050.00,2009.9,52050,45
FF,50830.00,2009.9,50830,46
SANJERIY,40542.00,2009.9,40542,47
Legitimo,39150.00,2009.9,39150,48
Hot Wheels,32740.00,2009.9,32740,49
Euro Teens,25400.00,2009.9,25400,50
Disponible,20350.00,2009.9,20350,51
Grendene,18300.00,2009.9,18300,52
Via Uno,11430.00,2009.9,11430,53
Bioconfort,8487.00,2009.9,8487,54
Natalia K,5600.00,2009.9,5600,55
MINI Miss Carol,3400.00,2009.9,3400,56
Cartago,3100.00,2009.9,3100,57
Aquarella,2090.00,2009.9,2090,58
Annisa Group.,1794.00,2009.9,1794,59
Asics,1495.00,2009.9,1495,60
Indian Red,1450.00,2009.9,1450,61
Luocheng,950.00,2009.9,950,62
Arye - Portter,849.00,2009.9,849,63
Kadú,700.00,2009.9,700,64
FILA,650.00,2009.9,650,65
Futbol,500.00,2009.9,500,66
Sonho De Crianca,500.00,2009.9,500,67
Kimika,299.00,2009.9,299,68
Barbie,200.00,2009.9,200,69
G&F,200.00,2009.9,200,70
Ador,-100.00,2009.9,-100,71
{Sin Definir},-463808.35,2009.9,-463808,35,72
Topper,6801107.00,2010.1,6801107,1
PUSH,5209770.68,2010.1,5209770,68,2
Reebok,3934649.00,2010.1,3934649,3
Puma,3502059.00,2010.1,3502059,4
Miss Carol,3146636.76,2010.1,3146636,76,5
Lombardino,3027693.00,2010.1,3027693,6
Converse,2720902.00,2010.1,2720902,7
Camarao,2707642.74,2010.1,2707642,74,8
A.Giannini,1906938.52,2010.1,1906938,52,9
Freeway ,1569630.00,2010.1,1569630,10
New Balance,1424411.00,2010.1,1424411,11
Goshik,1161546.00,2010.1,1161546,12
Adidas,1123331.00,2010.1,1123331,13
Havaianas,1029355.00,2010.1,1029355,14
Lady Confort,947516.00,2010.1,947516,15
Sumilon,941266.68,2010.1,941266,68,16
Umbro,894971.00,2010.1,894971,17
North Sails N+,874487.22,2010.1,874487,22,18
Olympikus                 ,777827.00,2010.1,777827,19
Rider,638529.00,2010.1,638529,20
Branch,631264.56,2010.1,631264,56,21
Azaleia,629045.00,2010.1,629045,22
Vanzetti,606629.00,2010.1,606629,23
Pigalle ,579919.00,2010.1,579919,24
Wassington   ,500439.00,2010.1,500439,25
Bibi,461726.00,2010.1,461726,26
Croco Kids,409645.44,2010.1,409645,44,27
Gallarate,402820.00,2010.1,402820,28
Euro Jack,320819.00,2010.1,320819,29
Cuerart                  ,254480.00,2010.1,254480,30
Mormaii,241776.00,2010.1,241776,31
Mistral,228850.00,2010.1,228850,32
Country Jack,170831.00,2010.1,170831,33
Reef,144572.00,2010.1,144572,34
Mc Jason,113331.00,2010.1,113331,35
{Sin Definir},106186.11,2010.1,106186,11,36
Falatino,98832.00,2010.1,98832,37
Varios_Saldos,81100.00,2010.1,81100,38
Tiernitas,68834.00,2010.1,68834,39
ZAXY,53860.00,2010.1,53860,40
Hello Kitty,46553.00,2010.1,46553,41
Ginga,45149.00,2010.1,45149,42
Bottero,37198.00,2010.1,37198,43
Spiderman,35511.00,2010.1,35511,44
Blanditos,35100.00,2010.1,35100,45
Crocs,33944.00,2010.1,33944,46
Grendha,21540.00,2010.1,21540,47
MINI Miss Carol,18780.00,2010.1,18780,48
Legitimo,17880.00,2010.1,17880,49
FF,14950.00,2010.1,14950,50
Disponible,14200.00,2010.1,14200,51
Via Uno,9240.00,2010.1,9240,52
Grendene,7689.00,2010.1,7689,53
Bioconfort,6591.00,2010.1,6591,54
Hot Wheels,5780.00,2010.1,5780,55
SANJERIY,2796.00,2010.1,2796,56
Natalia K,2450.00,2010.1,2450,57
Country,2360.00,2010.1,2360,58
Ador,2085.08,2010.1,2085,08,59
Aquarella,1994.00,2010.1,1994,60
Annisa Group.,1794.00,2010.1,1794,61
Arye - Portter,1596.00,2010.1,1596,62
Rain Boot,1596.00,2010.1,1596,63
Kadú,1400.00,2010.1,1400,64
Chiquillos,1200.00,2010.1,1200,65
Cartago,900.00,2010.1,900,66
Euro Teens,600.00,2010.1,600,67
Indian Red,300.00,2010.1,300,68
G&F,200.00,2010.1,200,69
Barbie,200.00,2010.1,200,70
Sonho De Crianca,200.00,2010.1,200,71
{Sin Definir},1106582.00,2010.10,1106582,1
Havaianas,979845.00,2010.10,979845,2
Miss Carol,970816.38,2010.10,970816,38,3
Freeway ,827512.00,2010.10,827512,4
Rider,645403.00,2010.10,645403,5
Reebok,631262.00,2010.10,631262,6
Puma,571790.00,2010.10,571790,7
Topper,540166.00,2010.10,540166,8
A.Giannini,537865.38,2010.10,537865,38,9
Adidas,450600.00,2010.10,450600,10
Lombardino,411600.00,2010.10,411600,11
PUSH,408518.76,2010.10,408518,76,12
Camarao,402646.00,2010.10,402646,13
Converse,314350.00,2010.10,314350,14
North Sails N+,293324.00,2010.10,293324,15
Azaleia,257129.00,2010.10,257129,16
Croco Kids,246028.06,2010.10,246028,06,17
New Balance,243090.00,2010.10,243090,18
Bottero,233860.00,2010.10,233860,19
Gallarate,206610.00,2010.10,206610,20
Ipanema,206290.00,2010.10,206290,21
Lady Confort,172956.00,2010.10,172956,22
Olympikus                 ,140647.00,2010.10,140647,23
Pigalle ,137211.00,2010.10,137211,24
Hello Kitty,97370.00,2010.10,97370,25
Branch,88251.00,2010.10,88251,26
Sumilon,82975.36,2010.10,82975,36,27
Millenium,80673.00,2010.10,80673,28
Mistral,80310.00,2010.10,80310,29
Mormaii,78369.00,2010.10,78369,30
Umbro,76934.00,2010.10,76934,31
Spiderman,70478.00,2010.10,70478,32
Wassington   ,59298.00,2010.10,59298,33
Bibi,57838.00,2010.10,57838,34
Goshik,51290.00,2010.10,51290,35
Cuerart                  ,26498.00,2010.10,26498,36
Angra,21247.00,2010.10,21247,37
Via Uno,17310.00,2010.10,17310,38
Vanzetti,10873.00,2010.10,10873,39
Euro Jack,9150.00,2010.10,9150,40
Reef,8950.00,2010.10,8950,41
FF,5980.00,2010.10,5980,42
Tiernitas,5687.00,2010.10,5687,43
MINI Miss Carol,4795.00,2010.10,4795,44
Ginga,4785.00,2010.10,4785,45
Grendha,4287.00,2010.10,4287,46
Disponible,2700.00,2010.10,2700,47
Falatino,2189.00,2010.10,2189,48
Crocs,1796.00,2010.10,1796,49
Varios_Saldos,1600.00,2010.10,1600,50
ZAXY,1590.00,2010.10,1590,51
Blanditos,1394.00,2010.10,1394,52
Hot Wheels,1350.00,2010.10,1350,53
Mc Jason,1101.00,2010.10,1101,54
Legitimo,1000.00,2010.10,1000,55
Kadú,400.00,2010.10,400,56
Cartago,200.00,2010.10,200,57
Natalia K,200.00,2010.10,200,58
Bioconfort,200.00,2010.10,200,59
G&F,200.00,2010.10,200,60
Aquarella,100.00,2010.10,100,61
SANJERIY,0.00,2010.10,0,62
Topper,6130836.00,2010.2,6130836,1
PUSH,4894258.42,2010.2,4894258,42,2
Reebok,4723911.00,2010.2,4723911,3
Miss Carol,4151812.92,2010.2,4151812,92,4
Puma,3033038.00,2010.2,3033038,5
Lombardino,2851219.00,2010.2,2851219,6
Camarao,2560650.96,2010.2,2560650,96,7
Sumilon,2129374.08,2010.2,2129374,08,8
A.Giannini,1976210.04,2010.2,1976210,04,9
Converse,1950106.00,2010.2,1950106,10
New Balance,1945080.00,2010.2,1945080,11
Lady Confort,1802598.00,2010.2,1802598,12
Adidas,1749750.00,2010.2,1749750,13
Freeway ,1297198.00,2010.2,1297198,14
Umbro,963530.00,2010.2,963530,15
Olympikus                 ,732017.00,2010.2,732017,16
North Sails N+,729267.60,2010.2,729267,6,17
Pigalle ,673070.00,2010.2,673070,18
Wassington   ,656552.00,2010.2,656552,19
Vanzetti,628384.00,2010.2,628384,20
Goshik,598537.00,2010.2,598537,21
Branch,532613.64,2010.2,532613,64,22
{Sin Definir},423812.43,2010.2,423812,43,23
Bibi,385629.00,2010.2,385629,24
Gallarate,379820.00,2010.2,379820,25
Croco Kids,373889.06,2010.2,373889,06,26
Mistral,339610.00,2010.2,339610,27
Bottero,337602.00,2010.2,337602,28
Cuerart                  ,265638.00,2010.2,265638,29
ZAXY,204210.00,2010.2,204210,30
Havaianas,164508.00,2010.2,164508,31
Azaleia,128757.00,2010.2,128757,32
Ador,114480.40,2010.2,114480,4,33
Falatino,114021.00,2010.2,114021,34
Reef,112379.00,2010.2,112379,35
Mc Jason,97594.00,2010.2,97594,36
MINI Miss Carol,78213.00,2010.2,78213,37
Varios_Saldos,72563.00,2010.2,72563,38
Venus,71100.00,2010.2,71100,39
Rider,69673.00,2010.2,69673,40
Country Jack,41958.00,2010.2,41958,41
Euro Jack,33370.00,2010.2,33370,42
Bioconfort,30601.00,2010.2,30601,43
Tiernitas,21044.00,2010.2,21044,44
Mormaii,19131.00,2010.2,19131,45
FF,14950.00,2010.2,14950,46
Disponible,14200.00,2010.2,14200,47
Via Uno,11820.00,2010.2,11820,48
Ginga,11362.00,2010.2,11362,49
Grendene,5680.00,2010.2,5680,50
Crocs,5188.00,2010.2,5188,51
Blanditos,5100.00,2010.2,5100,52
Legitimo,4470.00,2010.2,4470,53
Arye - Portter,3392.00,2010.2,3392,54
Hello Kitty,3048.00,2010.2,3048,55
Angra,2800.00,2010.2,2800,56
Chiquillos,2100.00,2010.2,2100,57
SANJERIY,1898.00,2010.2,1898,58
Rain Boot,1796.00,2010.2,1796,59
Democrata,1000.00,2010.2,1000,60
Spiderman,769.00,2010.2,769,61
FILA,650.00,2010.2,650,62
Kimika,599.00,2010.2,599,63
Annisa Group.,598.00,2010.2,598,64
Futbol,500.00,2010.2,500,65
Retoric,300.00,2010.2,300,66
Natalia K,200.00,2010.2,200,67
Aquarella,199.00,2010.2,199,68
Kadú,100.00,2010.2,100,69
Indian Red,100.00,2010.2,100,70
Euro Teens,100.00,2010.2,100,71
Hot Wheels,60.00,2010.2,60,72
Miss Carol,8728928.22,2010.3,8728928,22,1
Reebok,5824016.00,2010.3,5824016,2
Topper,5783017.00,2010.3,5783017,3
PUSH,4747051.74,2010.3,4747051,74,4
Puma,4287358.00,2010.3,4287358,5
Camarao,4087588.20,2010.3,4087588,2,6
Lombardino,2981356.00,2010.3,2981356,7
Sumilon,2720577.18,2010.3,2720577,18,8
Lady Confort,2244245.00,2010.3,2244245,9
New Balance,2069676.00,2010.3,2069676,10
Converse,2041361.00,2010.3,2041361,11
A.Giannini,1770728.20,2010.3,1770728,2,12
Bottero,1548021.00,2010.3,1548021,13
Olympikus                 ,1479240.00,2010.3,1479240,14
Croco Kids,1438197.92,2010.3,1438197,92,15
Freeway ,1182424.00,2010.3,1182424,16
Branch,911735.26,2010.3,911735,26,17
Umbro,910837.00,2010.3,910837,18
Adidas,864870.00,2010.3,864870,19
Bibi,806397.00,2010.3,806397,20
Wassington   ,780676.00,2010.3,780676,21
Ador,723974.52,2010.3,723974,52,22
Vanzetti,647248.00,2010.3,647248,23
North Sails N+,598251.32,2010.3,598251,32,24
Pigalle ,499990.00,2010.3,499990,25
Gallarate,472650.00,2010.3,472650,26
Goshik,388268.00,2010.3,388268,27
Mistral,356110.00,2010.3,356110,28
Cuerart                  ,323407.00,2010.3,323407,29
Via Uno,230280.00,2010.3,230280,30
Falatino,147535.00,2010.3,147535,31
ZAXY,107767.00,2010.3,107767,32
Mc Jason,101232.00,2010.3,101232,33
Tiernitas,96935.00,2010.3,96935,34
Papasso,82340.00,2010.3,82340,35
Venus,73530.00,2010.3,73530,36
Reef,63910.00,2010.3,63910,37
Varios_Saldos,58510.00,2010.3,58510,38
MINI Miss Carol,56538.00,2010.3,56538,39
Euro Jack,44298.00,2010.3,44298,40
Country Jack,37962.00,2010.3,37962,41
Azaleia,29172.00,2010.3,29172,42
Bioconfort,22669.00,2010.3,22669,43
Havaianas,21315.00,2010.3,21315,44
Disponible,14200.00,2010.3,14200,45
Legitimo,7450.00,2010.3,7450,46
Democrata,5600.00,2010.3,5600,47
Rider,4399.00,2010.3,4399,48
FF,2990.00,2010.3,2990,49
Crocs,2990.00,2010.3,2990,50
Ginga,2691.00,2010.3,2691,51
Arye - Portter,2645.00,2010.3,2645,52
Chiquillos,2100.00,2010.3,2100,53
Angra,2000.00,2010.3,2000,54
Rain Boot,1197.00,2010.3,1197,55
SANJERIY,500.00,2010.3,500,56
Grendene,300.00,2010.3,300,57
Aquarella,200.00,2010.3,200,58
Retoric,100.00,2010.3,100,59
Hot Wheels,-230.00,2010.3,-230,60
{Sin Definir},-59242.98,2010.3,-59242,98,61
Miss Carol,7052434.18,2010.4,7052434,18,1
Reebok,5747316.00,2010.4,5747316,2
Topper,5322319.00,2010.4,5322319,3
PUSH,5028998.80,2010.4,5028998,8,4
Puma,4991569.00,2010.4,4991569,5
Camarao,3314561.96,2010.4,3314561,96,6
Lombardino,3135088.00,2010.4,3135088,7
Converse,2334496.00,2010.4,2334496,8
North Sails N+,2106259.38,2010.4,2106259,38,9
New Balance,2003849.00,2010.4,2003849,10
Sumilon,1922015.92,2010.4,1922015,92,11
Olympikus                 ,1743780.00,2010.4,1743780,12
Freeway ,1659413.00,2010.4,1659413,13
Lady Confort,1589772.00,2010.4,1589772,14
Croco Kids,1487602.96,2010.4,1487602,96,15
Bottero,1201984.00,2010.4,1201984,16
Adidas,1045922.00,2010.4,1045922,17
Branch,1039632.00,2010.4,1039632,18
A.Giannini,1022417.72,2010.4,1022417,72,19
Umbro,934099.00,2010.4,934099,20
Wassington   ,719037.00,2010.4,719037,21
Bibi,703538.00,2010.4,703538,22
Gallarate,536200.00,2010.4,536200,23
Ador,461290.00,2010.4,461290,24
Mistral,430640.00,2010.4,430640,25
Vanzetti,408924.00,2010.4,408924,26
Pigalle ,375790.00,2010.4,375790,27
Goshik,326436.00,2010.4,326436,28
Papasso,254180.00,2010.4,254180,29
Cuerart                  ,242033.00,2010.4,242033,30
Via Uno,211770.00,2010.4,211770,31
Reef,148570.00,2010.4,148570,32
Mc Jason,114946.00,2010.4,114946,33
Venus,102320.00,2010.4,102320,34
Falatino,82949.00,2010.4,82949,35
Tiernitas,58669.00,2010.4,58669,36
Country Jack,48951.00,2010.4,48951,37
Varios_Saldos,45370.00,2010.4,45370,38
FF,38670.00,2010.4,38670,39
ZAXY,34030.00,2010.4,34030,40
MINI Miss Carol,26970.00,2010.4,26970,41
Euro Jack,20925.00,2010.4,20925,42
Azaleia,20565.00,2010.4,20565,43
Bioconfort,19054.00,2010.4,19054,44
Havaianas,17235.00,2010.4,17235,45
Disponible,13700.00,2010.4,13700,46
Legitimo,7450.00,2010.4,7450,47
Rider,6730.00,2010.4,6730,48
Democrata,2300.00,2010.4,2300,49
Arye - Portter,1848.00,2010.4,1848,50
Chiquillos,1770.00,2010.4,1770,51
Ginga,1196.00,2010.4,1196,52
Crocs,1097.00,2010.4,1097,53
Angra,1000.00,2010.4,1000,54
Futbol,1000.00,2010.4,1000,55
Mormaii,789.00,2010.4,789,56
Trendy,600.00,2010.4,600,57
SANJERIY,500.00,2010.4,500,58
Rain Boot,399.00,2010.4,399,59
Annisa Group.,235.00,2010.4,235,60
Disney,200.00,2010.4,200,61
Retoric,100.00,2010.4,100,62
Spiderman,0.00,2010.4,0,63
Blanditos,-400.00,2010.4,-400,64
{Sin Definir},-46395.11,2010.4,-46395,11,65
Miss Carol,6196104.56,2010.5,6196104,56,1
Reebok,5770767.00,2010.5,5770767,2
PUSH,4808212.64,2010.5,4808212,64,3
Topper,4746827.00,2010.5,4746827,4
Puma,3800766.00,2010.5,3800766,5
Camarao,3423274.98,2010.5,3423274,98,6
Lombardino,2932734.00,2010.5,2932734,7
North Sails N+,2185266.16,2010.5,2185266,16,8
New Balance,2185124.00,2010.5,2185124,9
Freeway ,1707362.00,2010.5,1707362,10
Branch,1666744.80,2010.5,1666744,8,11
Sumilon,1645939.64,2010.5,1645939,64,12
Converse,1617098.00,2010.5,1617098,13
Olympikus                 ,1600580.00,2010.5,1600580,14
Lady Confort,1312972.00,2010.5,1312972,15
Adidas,1224553.00,2010.5,1224553,16
Croco Kids,1118040.32,2010.5,1118040,32,17
A.Giannini,1008553.96,2010.5,1008553,96,18
Umbro,939791.00,2010.5,939791,19
Wassington   ,686888.00,2010.5,686888,20
Bibi,649073.00,2010.5,649073,21
Bottero,644511.00,2010.5,644511,22
Gallarate,598430.00,2010.5,598430,23
Ador,496063.84,2010.5,496063,84,24
Papasso,450300.00,2010.5,450300,25
Mistral,446930.00,2010.5,446930,26
Vanzetti,349577.00,2010.5,349577,27
Cuerart                  ,286342.00,2010.5,286342,28
Goshik,251870.00,2010.5,251870,29
Pigalle ,217850.00,2010.5,217850,30
Via Uno,145250.00,2010.5,145250,31
Reef,132390.00,2010.5,132390,32
{Sin Definir},126232.72,2010.5,126232,72,33
Venus,117830.00,2010.5,117830,34
Mc Jason,106897.00,2010.5,106897,35
FF,92890.00,2010.5,92890,36
Falatino,53148.00,2010.5,53148,37
Tiernitas,46696.00,2010.5,46696,38
Country Jack,44946.00,2010.5,44946,39
Varios_Saldos,36310.00,2010.5,36310,40
ZAXY,36140.00,2010.5,36140,41
Havaianas,23380.00,2010.5,23380,42
Euro Jack,18671.00,2010.5,18671,43
Democrata,13550.00,2010.5,13550,44
MINI Miss Carol,12986.00,2010.5,12986,45
Bioconfort,12494.00,2010.5,12494,46
Disponible,11500.00,2010.5,11500,47
Rider,9519.00,2010.5,9519,48
Azaleia,9388.00,2010.5,9388,49
Arye - Portter,1698.00,2010.5,1698,50
Futbol,1600.00,2010.5,1600,51
Ginga,1495.00,2010.5,1495,52
Rain Boot,1299.00,2010.5,1299,53
Crocs,698.00,2010.5,698,54
Retoric,500.00,2010.5,500,55
SANJERIY,500.00,2010.5,500,56
Aquarella,499.00,2010.5,499,57
Disney,400.00,2010.5,400,58
Chiquillos,300.00,2010.5,300,59
Mormaii,299.00,2010.5,299,60
Annisa Group.,299.00,2010.5,299,61
Angra,0.00,2010.5,0,62
Topper,5808585.00,2010.6,5808585,1
Reebok,5755855.00,2010.6,5755855,2
PUSH,5519890.80,2010.6,5519890,8,3
Miss Carol,4509262.18,2010.6,4509262,18,4
Puma,3476906.00,2010.6,3476906,5
Lombardino,2370730.00,2010.6,2370730,6
Camarao,2313484.16,2010.6,2313484,16,7
New Balance,2127371.00,2010.6,2127371,8
Olympikus                 ,1530637.00,2010.6,1530637,9
Converse,1496163.00,2010.6,1496163,10
Freeway ,1483309.00,2010.6,1483309,11
Sumilon,1480575.44,2010.6,1480575,44,12
A.Giannini,1407671.18,2010.6,1407671,18,13
North Sails N+,1385177.66,2010.6,1385177,66,14
Lady Confort,1230244.00,2010.6,1230244,15
Adidas,1092801.00,2010.6,1092801,16
Branch,986808.46,2010.6,986808,46,17
Croco Kids,920221.48,2010.6,920221,48,18
Umbro,903107.00,2010.6,903107,19
Wassington   ,556173.00,2010.6,556173,20
Bibi,528908.00,2010.6,528908,21
Gallarate,490060.00,2010.6,490060,22
Goshik,451955.00,2010.6,451955,23
Bottero,410939.00,2010.6,410939,24
Cuerart                  ,377364.00,2010.6,377364,25
Vanzetti,342746.00,2010.6,342746,26
Mistral,336270.00,2010.6,336270,27
Via Uno,311530.00,2010.6,311530,28
Pigalle ,299529.00,2010.6,299529,29
Ador,224567.00,2010.6,224567,30
FF,142920.00,2010.6,142920,31
{Sin Definir},89939.02,2010.6,89939,02,32
Papasso,78760.00,2010.6,78760,33
Venus,75180.00,2010.6,75180,34
Reef,64989.00,2010.6,64989,35
Tiernitas,47141.00,2010.6,47141,36
Havaianas,42950.00,2010.6,42950,37
Mc Jason,41824.00,2010.6,41824,38
Varios_Saldos,37240.00,2010.6,37240,39
Falatino,35235.00,2010.6,35235,40
Azaleia,33358.00,2010.6,33358,41
MINI Miss Carol,28570.00,2010.6,28570,42
Country Jack,26973.00,2010.6,26973,43
ZAXY,19290.00,2010.6,19290,44
Rider,12540.00,2010.6,12540,45
Disponible,11400.00,2010.6,11400,46
Bioconfort,8899.00,2010.6,8899,47
Euro Jack,4400.00,2010.6,4400,48
Chiquillos,2550.00,2010.6,2550,49
Arye - Portter,2548.00,2010.6,2548,50
Mormaii,2060.00,2010.6,2060,51
Rain Boot,1898.00,2010.6,1898,52
Ginga,1794.00,2010.6,1794,53
Democrata,1600.00,2010.6,1600,54
Legitimo,1490.00,2010.6,1490,55
Euro Teens,900.00,2010.6,900,56
FILA,650.00,2010.6,650,57
Futbol,500.00,2010.6,500,58
Spiderman,450.00,2010.6,450,59
Retoric,300.00,2010.6,300,60
Crocs,299.00,2010.6,299,61
Reebok,6104335.00,2010.7,6104335,1
Topper,5853857.00,2010.7,5853857,2
PUSH,5633928.02,2010.7,5633928,02,3
Puma,5435700.00,2010.7,5435700,4
Miss Carol,5193008.96,2010.7,5193008,96,5
A.Giannini,2476781.38,2010.7,2476781,38,6
Lombardino,2374787.00,2010.7,2374787,7
Camarao,2175867.70,2010.7,2175867,7,8
New Balance,2117780.00,2010.7,2117780,9
Croco Kids,1978497.44,2010.7,1978497,44,10
Freeway ,1872415.00,2010.7,1872415,11
Adidas,1672796.00,2010.7,1672796,12
Converse,1450409.00,2010.7,1450409,13
Sumilon,1299058.90,2010.7,1299058,9,14
Olympikus                 ,1284557.00,2010.7,1284557,15
Lady Confort,1225576.00,2010.7,1225576,16
North Sails N+,964510.92,2010.7,964510,92,17
Umbro,858078.00,2010.7,858078,18
Goshik,719048.00,2010.7,719048,19
Branch,617662.20,2010.7,617662,2,20
Pigalle ,606425.00,2010.7,606425,21
Wassington   ,488674.00,2010.7,488674,22
Via Uno,400860.00,2010.7,400860,23
Bibi,385148.00,2010.7,385148,24
Gallarate,345600.00,2010.7,345600,25
Mistral,307000.00,2010.7,307000,26
Havaianas,293511.00,2010.7,293511,27
Vanzetti,271247.00,2010.7,271247,28
Cuerart                  ,249606.00,2010.7,249606,29
Bottero,192813.00,2010.7,192813,30
Azaleia,176232.00,2010.7,176232,31
FF,103250.00,2010.7,103250,32
Rider,72000.00,2010.7,72000,33
MINI Miss Carol,44352.00,2010.7,44352,34
Falatino,43411.00,2010.7,43411,35
Millenium,38336.00,2010.7,38336,36
Reef,34000.00,2010.7,34000,37
Tiernitas,25734.00,2010.7,25734,38
Mormaii,24241.00,2010.7,24241,39
ZAXY,21910.00,2010.7,21910,40
Mc Jason,20465.00,2010.7,20465,41
Varios_Saldos,19759.00,2010.7,19759,42
Country Jack,15993.00,2010.7,15993,43
Bioconfort,14595.00,2010.7,14595,44
Ador,12011.00,2010.7,12011,45
Euro Jack,10896.00,2010.7,10896,46
Angra,7900.00,2010.7,7900,47
Venus,7760.00,2010.7,7760,48
Democrata,6400.00,2010.7,6400,49
Disponible,5800.00,2010.7,5800,50
Blanditos,5688.00,2010.7,5688,51
Grendha,5081.00,2010.7,5081,52
Crocs,4693.00,2010.7,4693,53
Ginga,4485.00,2010.7,4485,54
Euro Teens,3800.00,2010.7,3800,55
SANJERIY,2800.00,2010.7,2800,56
Grendene,2700.00,2010.7,2700,57
Spiderman,2509.00,2010.7,2509,58
Hello Kitty,2227.00,2010.7,2227,59
Legitimo,1490.00,2010.7,1490,60
Chiquillos,1250.00,2010.7,1250,61
Rain Boot,898.00,2010.7,898,62
Arye - Portter,798.00,2010.7,798,63
Luocheng,700.00,2010.7,700,64
Natalia K,300.00,2010.7,300,65
Annisa Group.,299.00,2010.7,299,66
Hot Wheels,230.00,2010.7,230,67
Siboney,150.00,2010.7,150,68
Retoric,100.00,2010.7,100,69
{Sin Definir},-122482.26,2010.7,-122482,26,70
Reebok,7156076.00,2010.8,7156076,1
Topper,6521843.00,2010.8,6521843,2
PUSH,6170043.90,2010.8,6170043,9,3
Puma,6045876.00,2010.8,6045876,4
Miss Carol,5918803.22,2010.8,5918803,22,5
Converse,3535680.00,2010.8,3535680,6
Adidas,3511770.00,2010.8,3511770,7
Lombardino,3159413.00,2010.8,3159413,8
A.Giannini,3136816.94,2010.8,3136816,94,9
Freeway ,3083017.00,2010.8,3083017,10
Camarao,3045065.12,2010.8,3045065,12,11
Croco Kids,2773855.46,2010.8,2773855,46,12
New Balance,2326423.00,2010.8,2326423,13
Olympikus                 ,1356488.00,2010.8,1356488,14
Sumilon,1323731.90,2010.8,1323731,9,15
Havaianas,1301819.00,2010.8,1301819,16
Pigalle ,1291977.00,2010.8,1291977,17
Lady Confort,1249325.00,2010.8,1249325,18
Bottero,1032607.00,2010.8,1032607,19
Umbro,897645.00,2010.8,897645,20
North Sails N+,845044.68,2010.8,845044,68,21
Rider,835088.00,2010.8,835088,22
Goshik,678925.00,2010.8,678925,23
Bibi,638412.00,2010.8,638412,24
Gallarate,586760.00,2010.8,586760,25
Branch,523728.88,2010.8,523728,88,26
Wassington   ,520031.00,2010.8,520031,27
Mistral,404320.00,2010.8,404320,28
Azaleia,391225.00,2010.8,391225,29
Hello Kitty,389076.00,2010.8,389076,30
Via Uno,386910.00,2010.8,386910,31
Cuerart                  ,319067.00,2010.8,319067,32
Spiderman,239843.00,2010.8,239843,33
FF,207351.00,2010.8,207351,34
Ipanema,174910.00,2010.8,174910,35
Vanzetti,154699.00,2010.8,154699,36
Mormaii,141710.00,2010.8,141710,37
Millenium,110431.00,2010.8,110431,38
{Sin Definir},63065.88,2010.8,63065,88,39
MINI Miss Carol,46049.00,2010.8,46049,40
Varios_Saldos,36589.00,2010.8,36589,41
Angra,33180.00,2010.8,33180,42
Falatino,32565.00,2010.8,32565,43
Grendha,28902.00,2010.8,28902,44
Euro Jack,25697.00,2010.8,25697,45
Reef,18000.00,2010.8,18000,46
Tiernitas,13367.00,2010.8,13367,47
Democrata,11400.00,2010.8,11400,48
Blanditos,11063.00,2010.8,11063,49
Ginga,8871.00,2010.8,8871,50
Disponible,7900.00,2010.8,7900,51
Crocs,7086.00,2010.8,7086,52
Country Jack,6993.00,2010.8,6993,53
Mc Jason,6689.00,2010.8,6689,54
Bioconfort,4797.00,2010.8,4797,55
Euro Teens,4100.00,2010.8,4100,56
Hot Wheels,3120.00,2010.8,3120,57
Grendene,2700.00,2010.8,2700,58
SANJERIY,2599.00,2010.8,2599,59
Legitimo,2090.00,2010.8,2090,60
ZAXY,1590.00,2010.8,1590,61
Venus,1470.00,2010.8,1470,62
Ador,1166.00,2010.8,1166,63
G&F,1100.00,2010.8,1100,64
Natalia K,800.00,2010.8,800,65
Chiquillos,500.00,2010.8,500,66
Indian Red,500.00,2010.8,500,67
Rain Boot,399.00,2010.8,399,68
Aquarella,300.00,2010.8,300,69
Retoric,200.00,2010.8,200,70
Antonielle,200.00,2010.8,200,71
Miss Carol,8662765.82,2010.9,8662765,82,1
Reebok,7355729.00,2010.9,7355729,2
Topper,7250624.00,2010.9,7250624,3
Freeway ,6976593.00,2010.9,6976593,4
PUSH,6381510.32,2010.9,6381510,32,5
Puma,6362753.00,2010.9,6362753,6
A.Giannini,5811303.00,2010.9,5811303,7
Havaianas,5784180.00,2010.9,5784180,8
Adidas,5069544.00,2010.9,5069544,9
Rider,4599944.00,2010.9,4599944,10
Lombardino,4349261.00,2010.9,4349261,11
Camarao,4228289.74,2010.9,4228289,74,12
Croco Kids,4204743.70,2010.9,4204743,7,13
North Sails N+,3893978.76,2010.9,3893978,76,14
Converse,3338670.00,2010.9,3338670,15
New Balance,2506902.00,2010.9,2506902,16
Bottero,2126650.00,2010.9,2126650,17
Lady Confort,1681490.00,2010.9,1681490,18
Olympikus                 ,1419496.00,2010.9,1419496,19
Azaleia,1416276.00,2010.9,1416276,20
Sumilon,1251233.72,2010.9,1251233,72,21
Pigalle ,1250711.00,2010.9,1250711,22
Ipanema,1038281.00,2010.9,1038281,23
Umbro,978263.00,2010.9,978263,24
Gallarate,902370.00,2010.9,902370,25
Branch,861939.44,2010.9,861939,44,26
Hello Kitty,852852.00,2010.9,852852,27
Mistral,696570.00,2010.9,696570,28
Mormaii,645164.00,2010.9,645164,29
Goshik,632538.00,2010.9,632538,30
Spiderman,607806.00,2010.9,607806,31
Wassington   ,606478.00,2010.9,606478,32
Bibi,538510.00,2010.9,538510,33
Millenium,442320.00,2010.9,442320,34
Cuerart                  ,438336.00,2010.9,438336,35
Via Uno,199790.00,2010.9,199790,36
FF,132150.00,2010.9,132150,37
{Sin Definir},117899.63,2010.9,117899,63,38
Euro Jack,99930.00,2010.9,99930,39
Angra,95590.00,2010.9,95590,40
Vanzetti,94022.00,2010.9,94022,41
Reef,87690.00,2010.9,87690,42
Tiernitas,69943.00,2010.9,69943,43
Grendha,63517.00,2010.9,63517,44
Falatino,41969.00,2010.9,41969,45
Disponible,37100.00,2010.9,37100,46
Varios_Saldos,24980.00,2010.9,24980,47
MINI Miss Carol,23175.00,2010.9,23175,48
Ginga,19936.00,2010.9,19936,49
Blanditos,18538.00,2010.9,18538,50
Crocs,15975.00,2010.9,15975,51
SANJERIY,10898.00,2010.9,10898,52
ZAXY,10740.00,2010.9,10740,53
Country Jack,7992.00,2010.9,7992,54
Legitimo,5480.00,2010.9,5480,55
Mc Jason,3398.00,2010.9,3398,56
Hot Wheels,3360.00,2010.9,3360,57
Grendene,2700.00,2010.9,2700,58
Euro Teens,1850.00,2010.9,1850,59
Democrata,1700.00,2010.9,1700,60
Bioconfort,1700.00,2010.9,1700,61
Venus,1470.00,2010.9,1470,62
Kadú,1000.00,2010.9,1000,63
G&F,1000.00,2010.9,1000,64
Country,900.00,2010.9,900,65
Cartago,850.00,2010.9,850,66
FILA,650.00,2010.9,650,67
Aquarella,549.00,2010.9,549,68
Luocheng,200.00,2010.9,200,69
Natalia K,200.00,2010.9,200,70
Barbie,100.00,2010.9,100,71
Indian Red,-100.00,2010.9,-100,72
Ador,-299.00,2010.9,-299,73
Topper,8308852.00,2011.1,8308852,1
PUSH,7000324.80,2011.1,7000324,8,2
Reebok,5893271.00,2011.1,5893271,3
Puma,5512167.00,2011.1,5512167,4
Miss Carol,4157703.94,2011.1,4157703,94,5
Converse,2822838.00,2011.1,2822838,6
North Sails N+,2648114.80,2011.1,2648114,8,7
Adidas,2445119.00,2011.1,2445119,8
Lombardino,2183492.00,2011.1,2183492,9
Freeway ,2118709.00,2011.1,2118709,10
Camarao,2099713.00,2011.1,2099713,11
A.Giannini,1937942.02,2011.1,1937942,02,12
New Balance,1518839.00,2011.1,1518839,13
Sumilon,1392189.80,2011.1,1392189,8,14
Goshik,1287971.00,2011.1,1287971,15
Olympikus                 ,1268379.00,2011.1,1268379,16
Havaianas,1265371.00,2011.1,1265371,17
Rider,840163.00,2011.1,840163,18
Lady Confort,824732.00,2011.1,824732,19
Pigalle ,808430.00,2011.1,808430,20
Bibi,767141.00,2011.1,767141,21
Croco Kids,721404.46,2011.1,721404,46,22
Umbro,708847.00,2011.1,708847,23
Bottero,660501.00,2011.1,660501,24
Wassington   ,557242.00,2011.1,557242,25
Gallarate,500650.00,2011.1,500650,26
Vanzetti,402020.00,2011.1,402020,27
Branch,372781.08,2011.1,372781,08,28
Ipanema,345577.00,2011.1,345577,29
Via Uno,343650.00,2011.1,343650,30
Azaleia,306809.00,2011.1,306809,31
Hello Kitty,270977.00,2011.1,270977,32
Cuerart                  ,231100.00,2011.1,231100,33
Mistral,217370.00,2011.1,217370,34
Millenium,189846.00,2011.1,189846,35
FF,121390.00,2011.1,121390,36
Spiderman,116589.00,2011.1,116589,37
Mormaii,80524.00,2011.1,80524,38
MINI Miss Carol,58335.00,2011.1,58335,39
Angra,43812.00,2011.1,43812,40
Country Jack,37962.00,2011.1,37962,41
Tiernitas,25536.00,2011.1,25536,42
Euro Jack,23700.00,2011.1,23700,43
Falatino,17382.00,2011.1,17382,44
Disponible,15800.00,2011.1,15800,45
Reef,13240.00,2011.1,13240,46
{Sin Definir},8500.41,2011.1,8500,41,47
Legitimo,8490.00,2011.1,8490,48
Varios_Saldos,8450.00,2011.1,8450,49
Grendha,8192.00,2011.1,8192,50
Blanditos,7960.00,2011.1,7960,51
Ginga,5980.00,2011.1,5980,52
Ador,5788.92,2011.1,5788,92,53
Country,3900.00,2011.1,3900,54
Mc Jason,3897.00,2011.1,3897,55
Crocs,3597.00,2011.1,3597,56
ZAXY,3080.00,2011.1,3080,57
SANJERIY,2100.00,2011.1,2100,58
Venus,1960.00,2011.1,1960,59
Rain Boot,798.00,2011.1,798,60
Hot Wheels,780.00,2011.1,780,61
Bioconfort,600.00,2011.1,600,62
Grendene,600.00,2011.1,600,63
Arye - Portter,399.00,2011.1,399,64
Annisa Group.,299.00,2011.1,299,65
Natalia K,100.00,2011.1,100,66
Kadú,100.00,2011.1,100,67
Miss Carol,1767415.40,2011.10,1767415,4,1
Puma,1303915.00,2011.10,1303915,2
Havaianas,1107559.00,2011.10,1107559,3
Freeway ,1080205.00,2011.10,1080205,4
Topper,841782.99,2011.10,841782,99,5
Adidas,765628.00,2011.10,765628,6
Reebok,744550.00,2011.10,744550,7
PUSH,671494.20,2011.10,671494,2,8
Rider,666318.00,2011.10,666318,9
Converse,482400.00,2011.10,482400,10
North Sails N+,476590.14,2011.10,476590,14,11
A.Giannini,467540.22,2011.10,467540,22,12
Camarao,452399.00,2011.10,452399,13
Lombardino,440280.00,2011.10,440280,14
Croco Kids,348633.66,2011.10,348633,66,15
New Balance,237220.00,2011.10,237220,16
Olympikus                 ,201956.00,2011.10,201956,17
Lady Confort,198559.00,2011.10,198559,18
Ipanema,193340.00,2011.10,193340,19
Azaleia,160380.00,2011.10,160380,20
Mistral,159230.00,2011.10,159230,21
Bottero,125149.00,2011.10,125149,22
Gallarate,122590.00,2011.10,122590,23
Wassington   ,110185.00,2011.10,110185,24
Umbro,106335.00,2011.10,106335,25
Merrell,76610.00,2011.10,76610,26
Hush Puppies,74810.00,2011.10,74810,27
Spiderman,67523.24,2011.10,67523,24,28
Millenium,67467.00,2011.10,67467,29
Pigalle ,66550.00,2011.10,66550,30
Hello Kitty,54895.00,2011.10,54895,31
Cuerart                  ,54201.00,2011.10,54201,32
Grendha,46518.00,2011.10,46518,33
Bibi,45800.00,2011.10,45800,34
Branch,44888.00,2011.10,44888,35
Goshik,30820.00,2011.10,30820,36
Disney,25200.00,2011.10,25200,37
Cartago,20650.00,2011.10,20650,38
Varios_Saldos,18599.00,2011.10,18599,39
Sumilon,18555.00,2011.10,18555,40
Dora,15865.00,2011.10,15865,41
Penalty,14660.00,2011.10,14660,42
Frutillitas,13781.00,2011.10,13781,43
Mormaii,9309.00,2011.10,9309,44
Vanzetti,8585.00,2011.10,8585,45
Via Uno,7760.00,2011.10,7760,46
Angra,3992.00,2011.10,3992,47
FF,3980.00,2011.10,3980,48
MINI Miss Carol,3700.00,2011.10,3700,49
Tiernitas,2793.00,2011.10,2793,50
Legitimo,2400.00,2011.10,2400,51
Falatino,1600.00,2011.10,1600,52
Disponible,1100.00,2011.10,1100,53
Euro Jack,1050.00,2011.10,1050,54
Ginga,800.00,2011.10,800,55
Reef,750.00,2011.10,750,56
Blanditos,600.00,2011.10,600,57
Venus,540.00,2011.10,540,58
Crocs,500.00,2011.10,500,59
Kadú,250.00,2011.10,250,60
Aquarella,200.00,2011.10,200,61
Grendene,200.00,2011.10,200,62
Hot Wheels,150.00,2011.10,150,63
Sonho De Crianca,50.00,2011.10,50,64
Mc Jason,0.00,2011.10,0,65
Bioconfort,0.00,2011.10,0,66
{Sin Definir},-62821.73,2011.10,-62821,73,67
Miss Carol,8531054.48,2011.2,8531054,48,1
Topper,7084646.02,2011.2,7084646,02,2
PUSH,6883348.28,2011.2,6883348,28,3
Reebok,6550753.00,2011.2,6550753,4
Puma,5082405.00,2011.2,5082405,5
Camarao,3674728.92,2011.2,3674728,92,6
Converse,2655958.00,2011.2,2655958,7
North Sails N+,2292607.30,2011.2,2292607,3,8
Lombardino,2225606.00,2011.2,2225606,9
A.Giannini,2094513.10,2011.2,2094513,1,10
Croco Kids,1936739.80,2011.2,1936739,8,11
Adidas,1908587.00,2011.2,1908587,12
Freeway ,1881324.00,2011.2,1881324,13
Sumilon,1558868.10,2011.2,1558868,1,14
New Balance,1537420.00,2011.2,1537420,15
Lady Confort,1445111.00,2011.2,1445111,16
Olympikus                 ,1424924.00,2011.2,1424924,17
Pigalle ,1088040.00,2011.2,1088040,18
Umbro,704832.00,2011.2,704832,19
Branch,663096.16,2011.2,663096,16,20
Bibi,645204.00,2011.2,645204,21
Wassington   ,644259.00,2011.2,644259,22
Via Uno,601480.00,2011.2,601480,23
Bottero,527120.00,2011.2,527120,24
Vanzetti,505109.00,2011.2,505109,25
Gallarate,477030.00,2011.2,477030,26
Goshik,409239.00,2011.2,409239,27
Havaianas,280486.00,2011.2,280486,28
Cuerart                  ,186410.00,2011.2,186410,29
Mistral,167520.00,2011.2,167520,30
FF,115010.00,2011.2,115010,31
Varios_Saldos,79628.00,2011.2,79628,32
Rider,74012.00,2011.2,74012,33
Merrell,51300.00,2011.2,51300,34
Papasso,49750.00,2011.2,49750,35
Ador,38196.32,2011.2,38196,32,36
Venus,34750.00,2011.2,34750,37
Hush Puppies,32270.00,2011.2,32270,38
Falatino,30979.00,2011.2,30979,39
MINI Miss Carol,24273.00,2011.2,24273,40
Disponible,20400.00,2011.2,20400,41
Azaleia,19556.00,2011.2,19556,42
Ipanema,18017.00,2011.2,18017,43
Tiernitas,16758.00,2011.2,16758,44
ZAXY,15340.00,2011.2,15340,45
Hello Kitty,13744.00,2011.2,13744,46
Country Jack,12987.00,2011.2,12987,47
Millenium,11679.00,2011.2,11679,48
Mc Jason,9689.00,2011.2,9689,49
Legitimo,7000.00,2011.2,7000,50
Veloz,6994.00,2011.2,6994,51
Mormaii,6477.00,2011.2,6477,52
Bioconfort,5400.00,2011.2,5400,53
Spiderman,4287.00,2011.2,4287,54
Arye - Portter,3945.00,2011.2,3945,55
Rain Boot,3591.00,2011.2,3591,56
Euro Jack,2950.00,2011.2,2950,57
Reef,2700.00,2011.2,2700,58
Ginga,2691.00,2011.2,2691,59
Angra,1996.00,2011.2,1996,60
Country,1800.00,2011.2,1800,61
Crocs,1199.00,2011.2,1199,62
Annisa Group.,299.00,2011.2,299,63
Natalia K,200.00,2011.2,200,64
Blanditos,199.00,2011.2,199,65
{Sin Definir},-35773.63,2011.2,-35773,63,66
Miss Carol,12235405.36,2011.3,12235405,36,1
Reebok,8220505.00,2011.3,8220505,2
Topper,7330501.00,2011.3,7330501,3
PUSH,5876573.32,2011.3,5876573,32,4
Puma,4468011.00,2011.3,4468011,5
Adidas,3027771.00,2011.3,3027771,6
Camarao,3005654.66,2011.3,3005654,66,7
Croco Kids,2862798.92,2011.3,2862798,92,8
Lady Confort,2468521.00,2011.3,2468521,9
A.Giannini,2325855.76,2011.3,2325855,76,10
North Sails N+,2272948.10,2011.3,2272948,1,11
New Balance,2239699.00,2011.3,2239699,12
Lombardino,2165481.00,2011.3,2165481,13
Freeway ,1933015.00,2011.3,1933015,14
Converse,1900578.00,2011.3,1900578,15
Sumilon,1878910.44,2011.3,1878910,44,16
Bottero,1863410.00,2011.3,1863410,17
Olympikus                 ,1504417.00,2011.3,1504417,18
Bibi,1099189.00,2011.3,1099189,19
Umbro,980293.00,2011.3,980293,20
Branch,931604.06,2011.3,931604,06,21
Wassington   ,801043.00,2011.3,801043,22
Pigalle ,746530.00,2011.3,746530,23
Vanzetti,651573.00,2011.3,651573,24
Ador,606304.96,2011.3,606304,96,25
Gallarate,583920.00,2011.3,583920,26
Merrell,503100.00,2011.3,503100,27
Via Uno,435090.00,2011.3,435090,28
Hush Puppies,390400.00,2011.3,390400,29
Cuerart                  ,381256.00,2011.3,381256,30
Goshik,210067.00,2011.3,210067,31
Papasso,206870.00,2011.3,206870,32
Mistral,172880.00,2011.3,172880,33
FF,102040.00,2011.3,102040,34
Havaianas,60506.00,2011.3,60506,35
Venus,59720.00,2011.3,59720,36
Varios_Saldos,50559.00,2011.3,50559,37
Veloz,42065.00,2011.3,42065,38
Falatino,41160.00,2011.3,41160,39
Tiernitas,25935.00,2011.3,25935,40
Mc Jason,23970.00,2011.3,23970,41
MINI Miss Carol,17081.00,2011.3,17081,42
Disponible,16000.00,2011.3,16000,43
Rider,12162.00,2011.3,12162,44
ZAXY,10030.00,2011.3,10030,45
Penalty,8930.00,2011.3,8930,46
Country Jack,6993.00,2011.3,6993,47
Legitimo,6000.00,2011.3,6000,48
Democrata,4200.00,2011.3,4200,49
Euro Jack,4000.00,2011.3,4000,50
Ipanema,3263.00,2011.3,3263,51
Bioconfort,2800.00,2011.3,2800,52
Arye - Portter,2197.00,2011.3,2197,53
Rain Boot,1596.00,2011.3,1596,54
Hello Kitty,1545.00,2011.3,1545,55
Asics,1497.00,2011.3,1497,56
Ginga,1495.00,2011.3,1495,57
Azaleia,1310.00,2011.3,1310,58
Reef,1300.00,2011.3,1300,59
Angra,998.00,2011.3,998,60
Spiderman,897.00,2011.3,897,61
Mormaii,719.00,2011.3,719,62
Annisa Group.,600.00,2011.3,600,63
Crocs,499.00,2011.3,499,64
G&F,300.00,2011.3,300,65
Aquarella,250.00,2011.3,250,66
Kimika,250.00,2011.3,250,67
{Sin Definir},-1129430.42,2011.3,-1129430,42,68
Miss Carol,8591272.78,2011.4,8591272,78,1
Reebok,7576681.00,2011.4,7576681,2
Topper,7063549.00,2011.4,7063549,3
Puma,5804659.00,2011.4,5804659,4
PUSH,5650220.54,2011.4,5650220,54,5
Adidas,4670660.00,2011.4,4670660,6
Camarao,3485593.22,2011.4,3485593,22,7
Lombardino,2780080.00,2011.4,2780080,8
Freeway ,2516454.00,2011.4,2516454,9
North Sails N+,2377664.94,2011.4,2377664,94,10
Croco Kids,2341036.22,2011.4,2341036,22,11
Branch,2266959.68,2011.4,2266959,68,12
Bottero,2038832.00,2011.4,2038832,13
Lady Confort,1966194.00,2011.4,1966194,14
A.Giannini,1943156.54,2011.4,1943156,54,15
New Balance,1847650.00,2011.4,1847650,16
Sumilon,1649746.16,2011.4,1649746,16,17
Converse,1581939.00,2011.4,1581939,18
Olympikus                 ,1503075.00,2011.4,1503075,19
Bibi,897599.00,2011.4,897599,20
Wassington   ,867431.00,2011.4,867431,21
Umbro,854638.00,2011.4,854638,22
Merrell,764620.00,2011.4,764620,23
Gallarate,633690.00,2011.4,633690,24
Hush Puppies,503940.00,2011.4,503940,25
Pigalle ,450430.00,2011.4,450430,26
Vanzetti,413776.00,2011.4,413776,27
Ador,376226.68,2011.4,376226,68,28
Papasso,358200.00,2011.4,358200,29
Mistral,309160.00,2011.4,309160,30
Cuerart                  ,252013.00,2011.4,252013,31
Via Uno,219454.00,2011.4,219454,32
Goshik,162418.00,2011.4,162418,33
FF,113210.00,2011.4,113210,34
Venus,99360.00,2011.4,99360,35
Veloz,65136.00,2011.4,65136,36
Mc Jason,39741.00,2011.4,39741,37
Penalty,38660.00,2011.4,38660,38
Havaianas,29137.00,2011.4,29137,39
Falatino,28600.00,2011.4,28600,40
Varios_Saldos,18800.00,2011.4,18800,41
Tiernitas,16309.00,2011.4,16309,42
Disponible,10900.00,2011.4,10900,43
MINI Miss Carol,8990.00,2011.4,8990,44
Legitimo,8000.00,2011.4,8000,45
ZAXY,3000.00,2011.4,3000,46
Rider,2913.00,2011.4,2913,47
Angra,2800.00,2011.4,2800,48
Arye - Portter,2099.00,2011.4,2099,49
Country Jack,1690.00,2011.4,1690,50
Democrata,1600.00,2011.4,1600,51
Reef,1600.00,2011.4,1600,52
Rain Boot,1499.00,2011.4,1499,53
Ipanema,1378.00,2011.4,1378,54
Euro Jack,1200.00,2011.4,1200,55
Trendy,1100.00,2011.4,1100,56
Chiquillos,1000.00,2011.4,1000,57
Ginga,598.00,2011.4,598,58
Crocs,598.00,2011.4,598,59
Futbol,500.00,2011.4,500,60
Grendene,500.00,2011.4,500,61
Azaleia,490.00,2011.4,490,62
Caterpillar,400.00,2011.4,400,63
Kimika,349.00,2011.4,349,64
Bioconfort,300.00,2011.4,300,65
Spiderman,250.00,2011.4,250,66
Hello Kitty,249.00,2011.4,249,67
Aquarella,199.00,2011.4,199,68
Retoric,100.00,2011.4,100,69
Country,-300.00,2011.4,-300,70
Millenium,-599.00,2011.4,-599,71
{Sin Definir},-192931.61,2011.4,-192931,61,72
Reebok,6861343.00,2011.5,6861343,1
Topper,6424950.00,2011.5,6424950,2
Miss Carol,6010622.04,2011.5,6010622,04,3
Adidas,5749499.00,2011.5,5749499,4
Puma,5690573.00,2011.5,5690573,5
PUSH,5091180.68,2011.5,5091180,68,6
Camarao,3533032.64,2011.5,3533032,64,7
North Sails N+,2849467.96,2011.5,2849467,96,8
Lombardino,2780600.00,2011.5,2780600,9
Branch,2311264.80,2011.5,2311264,8,10
Freeway ,2193014.00,2011.5,2193014,11
Converse,1832426.00,2011.5,1832426,12
New Balance,1824155.00,2011.5,1824155,13
A.Giannini,1644450.64,2011.5,1644450,64,14
Lady Confort,1633796.00,2011.5,1633796,15
Olympikus                 ,1631675.00,2011.5,1631675,16
Croco Kids,1464241.72,2011.5,1464241,72,17
Bottero,1441076.00,2011.5,1441076,18
Sumilon,1093802.40,2011.5,1093802,4,19
Wassington   ,787792.00,2011.5,787792,20
Bibi,679604.00,2011.5,679604,21
Gallarate,678650.00,2011.5,678650,22
Umbro,654788.00,2011.5,654788,23
Merrell,536370.00,2011.5,536370,24
Vanzetti,427490.00,2011.5,427490,25
Ador,407027.46,2011.5,407027,46,26
Cuerart                  ,395524.00,2011.5,395524,27
Papasso,384179.00,2011.5,384179,28
Pigalle ,383490.00,2011.5,383490,29
Hush Puppies,348740.00,2011.5,348740,30
Mistral,288450.00,2011.5,288450,31
Dora,216312.00,2011.5,216312,32
FF,163610.00,2011.5,163610,33
Goshik,143766.00,2011.5,143766,34
Via Uno,143530.00,2011.5,143530,35
Frutillitas,116952.00,2011.5,116952,36
{Sin Definir},74697.30,2011.5,74697,3,37
Venus,57870.00,2011.5,57870,38
Veloz,45762.00,2011.5,45762,39
Havaianas,31431.00,2011.5,31431,40
Penalty,29750.00,2011.5,29750,41
Mc Jason,28269.00,2011.5,28269,42
Varios_Saldos,13500.00,2011.5,13500,43
Falatino,8800.00,2011.5,8800,44
Tiernitas,8379.00,2011.5,8379,45
Country Jack,6600.00,2011.5,6600,46
Disponible,4250.00,2011.5,4250,47
MINI Miss Carol,3598.00,2011.5,3598,48
Futbol,3500.00,2011.5,3500,49
Angra,3200.00,2011.5,3200,50
Reef,3000.00,2011.5,3000,51
Chiquillos,3000.00,2011.5,3000,52
Rider,2087.00,2011.5,2087,53
Legitimo,1700.00,2011.5,1700,54
Arye - Portter,1596.00,2011.5,1596,55
Trendy,1200.00,2011.5,1200,56
Euro Jack,1100.00,2011.5,1100,57
ZAXY,900.00,2011.5,900,58
Mormaii,619.00,2011.5,619,59
Rain Boot,500.00,2011.5,500,60
Country,500.00,2011.5,500,61
Bioconfort,300.00,2011.5,300,62
Kimika,250.00,2011.5,250,63
Annisa Group.,250.00,2011.5,250,64
Hello Kitty,249.00,2011.5,249,65
Crocs,200.00,2011.5,200,66
Disney,199.00,2011.5,199,67
Retoric,100.00,2011.5,100,68
Topper,6206532.00,2011.6,6206532,1
PUSH,6129484.58,2011.6,6129484,58,2
Miss Carol,6115104.64,2011.6,6115104,64,3
Reebok,5324536.00,2011.6,5324536,4
Adidas,5016850.00,2011.6,5016850,5
Puma,4685313.00,2011.6,4685313,6
North Sails N+,3554070.12,2011.6,3554070,12,7
Camarao,2846373.72,2011.6,2846373,72,8
Lombardino,2236374.00,2011.6,2236374,9
Converse,2065511.00,2011.6,2065511,10
A.Giannini,1796171.36,2011.6,1796171,36,11
Freeway ,1699143.00,2011.6,1699143,12
Olympikus                 ,1538507.80,2011.6,1538507,8,13
New Balance,1528008.00,2011.6,1528008,14
Lady Confort,1226853.00,2011.6,1226853,15
Croco Kids,1137692.08,2011.6,1137692,08,16
Branch,1108381.96,2011.6,1108381,96,17
Umbro,1079623.00,2011.6,1079623,18
Bottero,966960.00,2011.6,966960,19
Sumilon,787189.28,2011.6,787189,28,20
Wassington   ,618501.00,2011.6,618501,21
Bibi,614898.00,2011.6,614898,22
Gallarate,554970.00,2011.6,554970,23
Pigalle ,433080.00,2011.6,433080,24
Vanzetti,343467.00,2011.6,343467,25
Merrell,330820.00,2011.6,330820,26
Dora,313115.08,2011.6,313115,08,27
Cuerart                  ,301259.00,2011.6,301259,28
Goshik,212438.00,2011.6,212438,29
Frutillitas,201236.06,2011.6,201236,06,30
Hush Puppies,195350.00,2011.6,195350,31
Mistral,179880.00,2011.6,179880,32
Via Uno,150710.00,2011.6,150710,33
Ador,140601.00,2011.6,140601,34
FF,127270.00,2011.6,127270,35
Papasso,89550.00,2011.6,89550,36
Penalty,55070.00,2011.6,55070,37
{Sin Definir},41858.43,2011.6,41858,43,38
Havaianas,35653.00,2011.6,35653,39
Veloz,32173.00,2011.6,32173,40
Venus,21920.00,2011.6,21920,41
Mc Jason,12798.00,2011.6,12798,42
MINI Miss Carol,12588.00,2011.6,12588,43
Falatino,12100.00,2011.6,12100,44
Varios_Saldos,8290.00,2011.6,8290,45
Tiernitas,7980.00,2011.6,7980,46
Legitimo,6300.00,2011.6,6300,47
ZAXY,5070.00,2011.6,5070,48
Disponible,4100.00,2011.6,4100,49
Country Jack,3100.00,2011.6,3100,50
Rider,2396.00,2011.6,2396,51
Reef,1600.00,2011.6,1600,52
Chiquillos,1200.00,2011.6,1200,53
Spiderman,1097.00,2011.6,1097,54
Angra,1000.00,2011.6,1000,55
SANJERIY,1000.00,2011.6,1000,56
Azaleia,1000.00,2011.6,1000,57
Euro Jack,650.00,2011.6,650,58
Hello Kitty,498.00,2011.6,498,59
Aquarella,450.00,2011.6,450,60
Caterpillar,400.00,2011.6,400,61
Rain Boot,300.00,2011.6,300,62
Arye - Portter,200.00,2011.6,200,63
Retoric,200.00,2011.6,200,64
Disney,199.00,2011.6,199,65
PUSH,9220057.90,2011.7,9220057,9,1
Miss Carol,7327802.64,2011.7,7327802,64,2
Topper,6882553.00,2011.7,6882553,3
Puma,6497161.00,2011.7,6497161,4
Reebok,6076576.00,2011.7,6076576,5
Adidas,4255832.00,2011.7,4255832,6
Camarao,3321358.50,2011.7,3321358,5,7
North Sails N+,2913564.76,2011.7,2913564,76,8
Croco Kids,2789669.90,2011.7,2789669,9,9
Freeway ,2538565.00,2011.7,2538565,10
Lombardino,2450389.00,2011.7,2450389,11
Converse,2409659.00,2011.7,2409659,12
New Balance,1736460.00,2011.7,1736460,13
Olympikus                 ,1704001.00,2011.7,1704001,14
A.Giannini,1692277.10,2011.7,1692277,1,15
Umbro,1287562.00,2011.7,1287562,16
Lady Confort,833645.00,2011.7,833645,17
Wassington   ,753323.00,2011.7,753323,18
Sumilon,692792.90,2011.7,692792,9,19
Bibi,683060.00,2011.7,683060,20
Pigalle ,623339.00,2011.7,623339,21
Branch,564250.48,2011.7,564250,48,22
Merrell,530210.00,2011.7,530210,23
Gallarate,527980.00,2011.7,527980,24
Bottero,499453.00,2011.7,499453,25
Hush Puppies,400290.00,2011.7,400290,26
Cuerart                  ,348971.00,2011.7,348971,27
Dora,293877.70,2011.7,293877,7,28
Frutillitas,282477.70,2011.7,282477,7,29
Goshik,279490.00,2011.7,279490,30
Vanzetti,273562.00,2011.7,273562,31
Spiderman,270413.70,2011.7,270413,7,32
Via Uno,268240.00,2011.7,268240,33
Havaianas,239990.00,2011.7,239990,34
FF,132140.00,2011.7,132140,35
Mistral,105680.00,2011.7,105680,36
Penalty,70080.00,2011.7,70080,37
Rider,61438.00,2011.7,61438,38
Millenium,23162.00,2011.7,23162,39
Veloz,18695.00,2011.7,18695,40
Azaleia,18607.00,2011.7,18607,41
Hello Kitty,16807.00,2011.7,16807,42
Ipanema,14265.00,2011.7,14265,43
Varios_Saldos,11909.00,2011.7,11909,44
Venus,11170.00,2011.7,11170,45
Angra,10479.00,2011.7,10479,46
Falatino,9999.00,2011.7,9999,47
Papasso,9950.00,2011.7,9950,48
MINI Miss Carol,9091.00,2011.7,9091,49
Tiernitas,9078.00,2011.7,9078,50
Legitimo,7000.00,2011.7,7000,51
Mormaii,6535.00,2011.7,6535,52
ZAXY,5970.00,2011.7,5970,53
Disponible,4900.00,2011.7,4900,54
Country Jack,3100.00,2011.7,3100,55
Mc Jason,2800.00,2011.7,2800,56
Blanditos,1550.00,2011.7,1550,57
Hot Wheels,1150.00,2011.7,1150,58
Grendene,600.00,2011.7,600,59
Ginga,598.00,2011.7,598,60
Reef,400.00,2011.7,400,61
Ador,349.00,2011.7,349,62
Crocs,299.00,2011.7,299,63
Annisa Group.,299.00,2011.7,299,64
Barbie,150.00,2011.7,150,65
Chiquillos,0.00,2011.7,0,66
{Sin Definir},-298378.76,2011.7,-298378,76,67
PUSH,9225286.36,2011.8,9225286,36,1
Miss Carol,9146422.26,2011.8,9146422,26,2
Puma,8414008.00,2011.8,8414008,3
Topper,7291395.00,2011.8,7291395,4
Reebok,6303449.00,2011.8,6303449,5
Adidas,4620369.00,2011.8,4620369,6
Freeway ,4352060.00,2011.8,4352060,7
Croco Kids,3337573.06,2011.8,3337573,06,8
Lombardino,3053138.00,2011.8,3053138,9
Converse,2989589.00,2011.8,2989589,10
North Sails N+,2761952.06,2011.8,2761952,06,11
Camarao,2511216.44,2011.8,2511216,44,12
A.Giannini,2322371.70,2011.8,2322371,7,13
Havaianas,1846967.00,2011.8,1846967,14
Olympikus                 ,1698453.00,2011.8,1698453,15
New Balance,1685153.00,2011.8,1685153,16
Rider,1332409.00,2011.8,1332409,17
Umbro,1086815.00,2011.8,1086815,18
Bottero,1071037.00,2011.8,1071037,19
Lady Confort,1067167.00,2011.8,1067167,20
Pigalle ,966230.00,2011.8,966230,21
Wassington   ,913138.00,2011.8,913138,22
Hush Puppies,886630.00,2011.8,886630,23
Bibi,828620.00,2011.8,828620,24
Merrell,790320.00,2011.8,790320,25
Gallarate,779670.00,2011.8,779670,26
Spiderman,660909.28,2011.8,660909,28,27
Cuerart                  ,537809.00,2011.8,537809,28
Sumilon,490039.10,2011.8,490039,1,29
Mistral,469400.00,2011.8,469400,30
Goshik,381588.00,2011.8,381588,31
Hello Kitty,363660.00,2011.8,363660,32
Branch,363394.04,2011.8,363394,04,33
Ipanema,237188.00,2011.8,237188,34
Via Uno,222660.00,2011.8,222660,35
Frutillitas,221552.62,2011.8,221552,62,36
Vanzetti,200069.00,2011.8,200069,37
Dora,192609.28,2011.8,192609,28,38
FF,171050.00,2011.8,171050,39
Penalty,85460.00,2011.8,85460,40
Millenium,71682.00,2011.8,71682,41
Azaleia,48050.00,2011.8,48050,42
Mormaii,45639.00,2011.8,45639,43
Cartago,44330.00,2011.8,44330,44
Euro Jack,19350.00,2011.8,19350,45
Falatino,17050.00,2011.8,17050,46
Angra,16966.00,2011.8,16966,47
Veloz,14488.00,2011.8,14488,48
Grendha,10309.00,2011.8,10309,49
Varios_Saldos,10100.00,2011.8,10100,50
MINI Miss Carol,9890.00,2011.8,9890,51
Legitimo,9000.00,2011.8,9000,52
Tiernitas,7183.00,2011.8,7183,53
ZAXY,5970.00,2011.8,5970,54
Hot Wheels,4400.00,2011.8,4400,55
Mc Jason,1800.00,2011.8,1800,56
Blanditos,1200.00,2011.8,1200,57
G&F,900.00,2011.8,900,58
FILA,650.00,2011.8,650,59
Disponible,600.00,2011.8,600,60
Ginga,599.00,2011.8,599,61
Arye - Portter,450.00,2011.8,450,62
Reef,400.00,2011.8,400,63
Aquarella,398.00,2011.8,398,64
Rain Boot,299.00,2011.8,299,65
Crocs,299.00,2011.8,299,66
Chiquillos,250.00,2011.8,250,67
Grendene,200.00,2011.8,200,68
Natalia K,200.00,2011.8,200,69
Siboney,200.00,2011.8,200,70
Venus,-5600.00,2011.8,-5600,71
{Sin Definir},-158306.18,2011.8,-158306,18,72
Miss Carol,14878476.60,2011.9,14878476,6,1
Puma,11097161.00,2011.9,11097161,2
Freeway ,8566361.00,2011.9,8566361,3
Topper,7145619.00,2011.9,7145619,4
PUSH,7065901.32,2011.9,7065901,32,5
Havaianas,6556970.00,2011.9,6556970,6
Adidas,6447524.00,2011.9,6447524,7
Reebok,5928997.00,2011.9,5928997,8
Rider,5382373.00,2011.9,5382373,9
Croco Kids,4703397.30,2011.9,4703397,3,10
Lombardino,4489650.00,2011.9,4489650,11
North Sails N+,3897264.16,2011.9,3897264,16,12
A.Giannini,3884964.10,2011.9,3884964,1,13
Converse,3588018.00,2011.9,3588018,14
Camarao,3422474.30,2011.9,3422474,3,15
New Balance,1824738.00,2011.9,1824738,16
Olympikus                 ,1507494.00,2011.9,1507494,17
Lady Confort,1274230.00,2011.9,1274230,18
Gallarate,1154240.00,2011.9,1154240,19
Umbro,1068257.00,2011.9,1068257,20
Mistral,1061540.00,2011.9,1061540,21
Wassington   ,982215.00,2011.9,982215,22
Merrell,955660.00,2011.9,955660,23
Bottero,951177.00,2011.9,951177,24
Ipanema,904925.00,2011.9,904925,25
Hush Puppies,830380.00,2011.9,830380,26
Spiderman,764311.00,2011.9,764311,27
Pigalle ,742640.00,2011.9,742640,28
Azaleia,723259.00,2011.9,723259,29
Bibi,717370.00,2011.9,717370,30
Hello Kitty,591918.00,2011.9,591918,31
Goshik,551780.00,2011.9,551780,32
Branch,473749.36,2011.9,473749,36,33
Cuerart                  ,457761.00,2011.9,457761,34
Sumilon,364993.36,2011.9,364993,36,35
Millenium,358354.00,2011.9,358354,36
Grendha,345987.00,2011.9,345987,37
{Sin Definir},291347.75,2011.9,291347,75,38
Disney,225400.00,2011.9,225400,39
Dora,180831.00,2011.9,180831,40
Cartago,156940.00,2011.9,156940,41
Via Uno,132030.00,2011.9,132030,42
Penalty,129590.00,2011.9,129590,43
Frutillitas,121532.00,2011.9,121532,44
Vanzetti,109631.00,2011.9,109631,45
Mormaii,86319.00,2011.9,86319,46
FF,85570.00,2011.9,85570,47
Euro Jack,20700.00,2011.9,20700,48
MINI Miss Carol,20649.00,2011.9,20649,49
Angra,20459.00,2011.9,20459,50
Varios_Saldos,17999.00,2011.9,17999,51
Veloz,14888.00,2011.9,14888,52
Tiernitas,13965.00,2011.9,13965,53
Legitimo,10000.00,2011.9,10000,54
Reef,8600.00,2011.9,8600,55
Falatino,7050.00,2011.9,7050,56
Ginga,6399.00,2011.9,6399,57
Hot Wheels,5500.00,2011.9,5500,58
Blanditos,5000.00,2011.9,5000,59
Mc Jason,4000.00,2011.9,4000,60
Crocs,2098.00,2011.9,2098,61
Bioconfort,1500.00,2011.9,1500,62
Country Jack,1400.00,2011.9,1400,63
Euro Teens,500.00,2011.9,500,64
Venus,440.00,2011.9,440,65
Grendene,400.00,2011.9,400,66
Ador,369.00,2011.9,369,67
Siboney,200.00,2011.9,200,68
G&F,200.00,2011.9,200,69
Natalia K,200.00,2011.9,200,70
