<beans xmlns="http://www.springframework.org/schema/beans"
       xmlns:xsi="http://www.w3.org/2001/XMLSchema-instance"
       xmlns:context="http://www.springframework.org/schema/context"
       xmlns:jpa="http://www.springframework.org/schema/data/jpa"
       xmlns:mvc="http://www.springframework.org/schema/mvc"
       xsi:schemaLocation="http://www.springframework.org/schema/beans
        http://www.springframework.org/schema/beans/spring-beans.xsd
        http://www.springframework.org/schema/context
        http://www.springframework.org/schema/context/spring-context.xsd
        http://www.springframework.org/schema/mvc
        http://www.springframework.org/schema/mvc/spring-mvc-3.2.xsd
        http://www.springframework.org/schema/data/jpa
        http://www.springframework.org/schema/data/jpa/spring-jpa.xsd">

    <context:component-scan base-package="cloudinary"/>

    <bean class="org.springframework.web.servlet.view.InternalResourceViewResolver">
        <property name="prefix" value="/WEB-INF/pages/"/>
        <property name="suffix" value=".jsp"/>
    </bean>

    <bean id="entityManagerFactory" class="org.springframework.orm.jpa.LocalEntityManagerFactoryBean">
        <property name="persistenceUnitName" value="defaultPersistenceUnit"/>
    </bean>

    <bean id="transactionManager" class="org.springframework.orm.jpa.JpaTransactionManager">
        <property name="entityManagerFactory" ref="entityManagerFactory" />
    </bean>

    <bean id="multipartResolver"
          class="org.springframework.web.multipart.commons.CommonsMultipartResolver">

        <!-- one of the properties available; the maximum file size in bytes -->
        <property name="maxUploadSize" value="10000000"/>
    </bean>

    <bean id="messageSource"
          class="org.springframework.context.support.ReloadableResourceBundleMessageSource">
        <property name="basename" value="/WEB-INF/messages"/>
    </bean>

    <mvc:annotation-driven />

    <jpa:repositories base-package="cloudinary.repositories" />

    <mvc:default-servlet-handler/>

    <mvc:resources mapping="/javascripts/*.js" location="/assets/javascripts/" />
    <mvc:resources mapping="/javascripts/cloudinary/*.js" location="/assets/javascripts/cloudinary/" />
    <mvc:resources mapping="/stylesheets/*.css" location="/assets/stylesheets/" />
    <mvc:resources mapping="/cloudinary_cors.html" location="/assets/" />
</beans>